,High,Low,Mid,Last,Bid,Ask,Volume
2019-02-14,3682.87483504,3640.0,3656.95,3657.0,3656.9,3657.0,7508.11163336
2019-02-15,3719.0,3642.8,3664.75,3664.7,3664.7,3664.8,7780.74164161
2019-02-16,3726.7,3664.0,3683.95,3683.9,3683.9,3684.0,7491.26587646
2019-02-17,3790.0,3655.0,3740.45,3740.1,3740.2,3740.7,13983.30729989
2019-02-18,4021.0,3723.6,3969.95,3970.0,3969.9,3970.0,37504.50811056
2019-02-19,4083.5,3936.0,3984.25,3984.3,3984.2,3984.3,24227.94027013
2019-02-20,4070.0,3963.0,4042.75,4042.9,4042.6,4042.9,14839.08721545
2019-02-21,4145.0,3918.5,3998.55,3998.6,3998.5,3998.6,15335.92854693
2019-02-22,4074.0,3987.5,4066.65,4066.6,4066.6,4066.7,14061.07367486
2019-02-23,4255.0,4013.8,4210.25,4210.2,4210.2,4210.3,21483.56478704
2019-02-25,3966.5,3830.0,3924.85,3924.8,3924.8,3924.9,10388.06495657
2019-02-26,3934.1,3862.8,3897.15,3897.2,3897.1,3897.2,5095.47524109
2019-02-27,3934.0,3761.2,3901.95,3902.0,3901.9,3902.0,11955.1096314
2019-02-28,3988.0,3875.0,3895.8,3895.0,3895.7,3895.9,12077.50228564
2019-03-01,3949.0,3893.0,3923.05,3923.0,3923.0,3923.1,4708.99057267
2019-03-02,3924.0,3838.89411809,3912.75,3912.73432089,3912.7,3912.8,5102.24220261
2019-03-03,3925.0,3855.0,3882.95,3883.0,3882.9,3883.0,2872.4341117
2019-03-04,3911.1,3767.0,3799.95,3799.9,3799.9,3800.0,10169.22385403
2019-03-05,3968.7,3786.1,3943.15,3943.2,3943.1,3943.2,10737.52503108
2019-03-06,3986.5,3910.9,3951.55,3951.5,3951.5,3951.6,6585.87059604
2019-03-07,3997.4,3933.32843157,3962.05,3962.0,3962.0,3962.1,7639.05791745
2019-03-08,4021.0,3850.0,3941.55,3941.6,3941.5,3941.6,9341.77500645
2019-03-09,4046.2,3933.9,4009.95,4010.0,4009.9,4010.0,7340.86865658
2019-03-10,4017.2,3959.4479162,4006.65,4006.6,4006.6,4006.7,4644.46499064
2019-03-11,4009.2,3920.1,3953.55,3953.6,3953.5,3953.6,6412.34664557
2019-03-12,3979.5,3895.2,3962.15,3962.2,3962.1,3962.2,7611.45270888
2019-03-13,3972.6,3925.1,3947.65,3947.7,3947.6,3947.7,5665.24034391
2019-03-14,4004.0,3869.3,3944.55,3945.1,3944.0,3945.1,8385.53251299
2019-03-15,4011.0,3948.3,3998.15,3998.1,3998.1,3998.2,6683.42799606
2019-03-16,4166.8,3997.9,4085.55,4085.6,4085.5,4085.6,13917.87032733
2019-03-17,4089.9,4041.1,4074.05,4074.0,4074.0,4074.1,3431.35752424
2019-03-18,4120.0,4034.02380303,4076.7,4076.5,4076.4,4077.0,3672.92048623
2019-03-19,4120.0,4055.15050072,4101.25,4101.3,4101.2,4101.3,5417.10726202
2019-03-20,4134.2,4072.7,4133.95,4133.9,4133.9,4134.0,7442.78205216
2019-03-21,4146.9,4004.0,4053.05,4053.0,4053.0,4053.1,12094.40418973
2019-03-22,4070.6,4034.9,4049.95,4048.4,4049.9,4050.0,4888.56061677
2019-03-23,4084.0,4028.4,4059.55,4059.5,4059.5,4059.6,4439.8815354
2019-03-24,4064.8,4011.0,4040.45,4040.9,4040.4,4040.5,3376.12898188
2019-03-25,4049.9,3939.0,3967.05,3967.0,3967.0,3967.1,6480.1091278
2019-03-26,3992.0,3943.8,3979.35,3979.3,3979.3,3979.4,5168.46470988
2019-03-27,4106.1,3978.5,4086.15,4086.1,4086.1,4086.2,7580.87800353
2019-03-28,4114.4,4064.0,4086.85,4087.0,4086.7,4087.0,6669.14918452
2019-03-29,4197.2,4082.3,4171.45,4171.7,4171.4,4171.5,7607.61361498
2019-03-30,4210.0,4112.0,4158.05,4158.1,4158.0,4158.1,7033.8533223
2019-03-31,4182.9,4152.8,4165.25,4165.2,4165.2,4165.3,2298.49037039
2019-04-01,4224.6,4124.0,4203.05,4203.8,4203.0,4203.1,6900.86599772
2019-04-02,5106.9060781,4187.4,4855.2,4855.5606465,4854.8,4855.6,52544.19827344
2019-04-03,5335.5,4850.0,5084.8,5085.1,5084.6,5085.0,37607.16377027
2019-04-04,5100.0,4834.0032346,4924.95,4925.0,4924.9,4925.0,21198.9481731
2019-04-05,5132.5,4906.6,5083.05,5083.06467492,5083.0,5083.1,11335.73845156
2019-04-06,5280.0,4960.2,5068.5,5069.8600365,5068.0,5069.0,14047.95837175
2019-04-07,5321.6,5075.0,5283.65,5289.9,5281.9,5285.4,8013.42757305
2019-04-08,5373.9,5138.6,5304.65,5304.7,5304.6,5304.7,18972.61648322
2019-04-09,5336.2,5170.0,5203.05,5203.1,5203.0,5203.1,11974.32707507
2019-04-10,5488.0,5193.5,5292.25,5291.5,5291.5,5293.0,15570.80223282
2019-04-11,5342.1,4952.4,5059.95,5059.90428721,5059.9,5060.0,19274.41960957
2019-04-12,5134.9,4934.7,5126.85,5126.9,5126.8,5126.9,9432.16572058
2019-04-13,5163.0,5070.2,5107.95,5107.4,5107.9,5108.0,5279.67278606
2019-04-14,5210.0,5054.8,5202.65,5202.7,5202.6,5202.7,3871.52580372
2019-04-15,5218.6,4977.0,5051.05,5051.0,5051.0,5051.1,9431.54815404
2019-04-16,5256.7,5029.6,5229.95,5229.9624095,5229.9,5230.0,8516.33373241
2019-04-17,5300.0,5206.8,5249.85,5249.9,5249.8,5249.9,9341.61359674
2019-04-18,5340.0,5232.8,5326.65,5326.7,5326.6,5326.7,8933.0857207
2019-04-19,5376.0,5220.0,5292.95,5293.0,5292.9,5293.0,6304.47589936
2019-04-20,5404.84614183,5283.9,5319.95,5319.935017,5319.9,5320.0,6628.71813571
2019-04-21,5368.0,5255.0,5322.25,5322.2757072,5322.2,5322.3,5965.30313646
2019-04-22,5459.5,5276.5,5431.35,5431.87219827,5430.9,5431.8,11817.26382953
2019-04-23,5647.4,5387.5,5576.95,5577.0,5576.9,5577.0,18389.72428398
2019-04-24,5690.0,5407.1,5476.15,5476.2,5476.1,5476.2,17046.20695629
2019-04-25,5558.0,5055.0,5210.15,5210.1,5210.1,5210.2,18692.37228919
2019-04-26,5525.0,5159.2,5423.45,5423.4839686,5423.4,5423.5,23685.06950451
2019-04-27,5458.0,5351.0,5436.25,5436.0,5436.2,5436.3,4450.4375392
2019-04-28,5545.7,5400.1,5477.95,5477.9,5477.9,5478.0,7876.07269185
2019-04-29,5518.0,5365.0,5451.65,5451.0,5450.3,5453.0,7125.7008164
2019-04-30,5612.0,5442.0,5609.15,5609.1,5609.1,5609.2,7848.44880556
2019-05-01,5655.0,5577.5,5611.15,5611.2,5611.1,5611.2,5683.39695394
2019-05-02,5784.3,5611.1,5737.05,5737.6,5737.0,5737.1,10507.44708227
2019-05-03,6150.0,5702.29694186,6013.85,6012.5,6012.6,6015.1,19758.38670842
2019-05-04,6189.9903581,5863.4,6123.55,6123.0,6123.0,6124.1,8976.07648764
2019-05-05,6148.0,5956.0,6041.55,6041.8,6041.5,6041.6,6218.11739498
2019-05-06,6102.0,5901.0,6047.1,6047.8,6047.0,6047.2,6474.68552559
2019-05-07,6325.0,6022.9,6213.85,6212.0,6213.8,6213.9,10849.63149192
2019-05-08,6240.0,6007.8,6204.45,6204.4,6204.4,6204.5,8855.97167699
2019-05-09,6344.0,6100.6,6297.05,6297.0,6297.0,6297.1,9931.47481961
2019-05-10,6522.2,6212.2,6455.75,6455.74228553,6455.7,6455.8,14637.9315385
2019-05-11,7243.0,6434.6,7149.6,7149.3,7149.4,7149.8,34022.01362222
2019-05-12,7448.0,6858.0,6990.95,6990.98838042,6990.9,6991.0,34966.95039606
2019-05-13,8050.0,6879.9649408,7970.05,7970.1,7970.0,7970.1,33332.29222735
2019-05-14,8194.1,7615.0,7891.15,7891.1,7891.1,7891.2,31586.2933492
2019-05-15,8199.9,7832.4,8111.45,8111.466315,8111.4,8111.5,18476.6342918
2019-05-16,8352.3,7700.1,7876.85,7874.5,7876.8,7876.9,22913.81254569
2019-05-17,7910.0,6999.9105737,7302.85,7302.9,7302.8,7302.9,28477.85242605
2019-05-18,7518.0,7207.6,7308.05,7308.0,7308.0,7308.1,9826.73274577
2019-05-19,8218.7,7238.0,8176.95,8174.8,8175.2,8178.7,22151.71389996
2019-05-20,8269.2,7600.1,7913.65,7914.4,7912.9,7914.4,18041.99483468
2019-05-21,8094.0,7814.8,7967.75,7966.9,7967.7,7967.8,7826.14278543
2019-05-22,8039.9,7500.0,7730.0,7729.7,7729.6,7730.4,10230.98315093
2019-05-23,7957.3,7436.4,7890.95,7891.3,7889.1,7892.8,10666.77410868
2019-05-24,8158.6,7784.5,8052.65,8052.6,8052.6,8052.7,9787.82089115
2019-05-25,8135.2,7933.8592913,8061.45,8061.4,8061.4,8061.5,5628.85257823
2019-05-26,8828.0,7877.93890221,8669.95,8669.99218367,8669.9,8670.0,19225.87117095
2019-05-27,8958.3,8645.3,8810.45,8810.5,8810.4,8810.5,17554.09903891
2019-05-28,8871.3,8517.4,8704.75,8704.8,8704.7,8704.8,11937.59153402
2019-05-29,8796.5,8455.0,8707.05,8707.0,8707.0,8707.1,10092.87889863
2019-05-30,9109.0,8005.0,8292.25,8292.2,8292.2,8292.3,19903.23324186
2019-05-31,8532.3,8099.9,8475.95,8475.92149104,8475.9,8476.0,10981.2237639
2019-06-01,8625.7,8451.0,8569.05,8569.1,8569.0,8569.1,5656.65530798
2019-06-02,8825.0,8518.0,8737.05,8737.0,8737.0,8737.1,6160.24524824
2019-06-03,8747.0,8300.0,8445.9,8448.6,8444.5,8447.3,13587.05550034
2019-06-04,8459.8,7501.52785992,7649.05,7649.1,7649.0,7649.1,32741.14984421
2019-06-05,7936.5,7593.9,7777.95,7777.9,7777.9,7778.0,11207.26369522
2019-06-06,7873.5,7455.0,7737.5,7739.60904343,7736.3,7738.7,7140.71817097
2019-06-07,8150.0,7721.1,7972.95,7973.0,7972.9,7973.0,13316.36321774
2019-06-08,8068.0,7800.1,7944.45,7944.3,7944.4,7944.5,5030.33131761
2019-06-09,7965.6,7497.9,7566.45,7566.0,7563.8,7569.1,6312.00007647
2019-06-10,8048.1,7513.2,7954.95,7954.9,7954.9,7955.0,9174.12524157
2019-06-11,8049.0,7711.0,7911.95,7911.8,7911.9,7912.0,6086.67159411
2019-06-12,8250.0,7821.0,8137.95,8138.0,8137.9,8138.0,9621.41729065
2019-06-13,8333.0,8026.0,8251.2,8250.7,8250.0,8252.4,8552.44626208
2019-06-14,8719.9,8161.7,8678.8,8677.6,8678.0,8679.6,12513.01353346
2019-06-15,8930.0,8607.2,8828.65,8828.6,8828.6,8828.7,9481.63152479
2019-06-16,9395.5,8801.0,9065.9,9066.7,9065.1,9066.7,20819.46174957
2019-06-17,9420.0,8972.2,9375.05,9380.0,9373.9,9376.2,12869.98374101
2019-06-18,9490.0,8945.0,9010.55,9009.0,9010.5,9010.6,11930.9980375
2019-06-19,9320.0,8972.8,9313.05,9313.03881886,9313.0,9313.1,5743.64012554
2019-06-20,9624.0,9241.0,9589.0,9587.5,9587.5,9590.5,10649.63370604
2019-06-21,9962.2,9538.0,9909.05,9909.1,9909.0,9909.1,19130.57012768
2019-06-22,11232.0,9925.0,10514.5,10515.0,10514.0,10515.0,39167.59082785
2019-06-23,11369.0,10539.0,10983.5,10983.58758,10983.0,10984.0,18463.67840342
2019-06-24,11136.0,10560.0,11039.5,11040.0,11039.0,11040.0,15009.27284787
2019-06-25,11649.0,10802.0,11616.5,11616.0,11616.0,11617.0,20371.28022616
2019-06-26,13764.0,11527.02355731,12337.5,12337.0,12337.0,12338.0,54890.729327245
2019-06-27,13242.0,10388.0,11134.5,11135.0,11134.0,11135.0,47303.784667154
2019-06-28,12369.0,10799.0,12244.5,12244.80500568,12241.0,12248.0,33115.313604074
2019-06-29,12417.0,11354.0,12098.5,12098.0,12098.0,12099.0,20768.574795645
2019-06-30,12234.0,10889.0,10995.5,10995.0,10995.0,10996.0,17303.444011379
2019-07-01,11231.0,10088.0,10546.5,10537.0,10546.0,10547.0,26340.341955227
2019-07-02,10965.0,9728.2,10830.5,10830.0,10830.0,10831.0,28556.246015822
2019-07-15,10947.0,9880.0,10879.0,10879.0,10878.0,10880.0,22783.41977705
2019-07-16,11058.0,9389.8,9478.65,9477.0,9477.7,9479.6,25722.89654086
2019-07-18,10000.0,9145.1,9667.55,9667.5,9667.5,9667.6,19774.22703726
2019-07-19,10760.0,10118.0,10481.5,10487.0,10481.0,10482.0,14195.65175292
2019-07-20,11003.0,10370.0,10952.5,10953.0,10952.0,10953.0,10304.68289743
2019-07-21,11098.0,10298.0,10537.5,10535.0,10537.0,10538.0,9869.12003518
2019-07-22,10690.0,10052.0,10284.5,10282.0,10284.0,10285.0,10937.46184524
2019-07-23,10368.0,9865.0,10056.5,10056.0,10056.0,10057.0,8589.2150193
2019-07-24,10029.99926176,9534.05177698,9789.6,9789.431864,9789.4,9789.8,12644.85054529
2019-07-25,10188.0,9733.3,9892.65,9886.6,9892.6,9892.7,9101.40653485
2019-07-26,9940.0,9650.2,9802.45,9802.5,9802.4,9802.5,5162.09698793
2019-07-27,10199.0,9296.0,9431.1,9430.2,9430.7,9431.5,11601.00750431
2019-07-28,9573.3,9101.4,9216.6,9216.5,9216.5,9216.7,5930.91630479
2019-07-29,9738.3,9376.7,9517.2,9517.4,9516.9,9517.5,6150.55112083
2019-07-30,9747.76671,9380.0,9606.5,9606.3,9606.3,9606.7,5265.86642016
2019-07-31,10120.0,9569.68872,9989.2,9990.3,9988.9,9989.5,7641.21113798
2019-08-01,10500.0,9875.0,10377.5,10377.0,10377.0,10378.0,7968.39416785
2019-08-02,10659.0,10331.0,10511.5,10511.0,10511.0,10512.0,8466.59362826
2019-08-03,10917.0,10492.0,10840.5,10841.0,10840.0,10841.0,7321.77374781
2019-08-04,11050.0,10514.0,11047.0,11048.0,11046.0,11048.0,9133.79022387
2019-08-05,11939.0,10936.0,11778.5,11778.0,11778.0,11779.0,15704.55854228
2019-08-06,12325.0,11249.0,11287.5,11288.0,11287.0,11288.0,18861.31780973
2019-08-07,12153.0,11299.0,11963.5,11969.0,11958.0,11969.0,13638.85505346
2019-08-08,12072.0,11550.0,11866.5,11867.0,11866.0,11867.0,10059.37670733
2019-08-09,12130.0,11703.0,11906.5,11906.0,11906.0,11907.0,9033.45953351
2019-08-10,12011.0,11208.0,11309.5,11309.0,11309.0,11310.0,8925.23388058
2019-08-11,11580.0,11129.0,11516.5,11517.0,11516.0,11517.0,5236.86476073
2019-08-12,11615.0,11260.0,11440.5,11441.0,11440.0,11441.0,3522.52250419
2019-08-13,11468.0,10800.0,10917.5,10917.0,10917.0,10918.0,8857.7500133
2019-08-14,10940.0,10100.0,10245.5,10245.0,10245.0,10246.0,13318.9692631
2019-08-15,10471.0,9522.0,10399.5,10399.0,10399.0,10400.0,18144.2894901
2019-08-16,10568.0,9777.0,10385.0,10373.0,10383.0,10387.0,13198.16050921
2019-08-17,10494.70238424,10004.0,10202.5,10203.0,10202.0,10203.0,4829.59844562
2019-08-18,10533.0,10086.0,10349.5,10350.0,10348.0,10351.0,4005.297284
2019-08-19,10863.0,10280.0,10790.5,10789.0,10789.0,10792.0,6837.60804146
2019-08-20,10993.0,10584.0,10847.5,10847.0,10847.0,10848.0,6129.22457436
2019-08-21,10875.0,9824.0,10081.5,10081.0,10081.0,10082.0,11846.57735283
2019-08-22,10255.0,9787.0,10181.5,10182.0,10181.0,10182.0,6362.3086331
2019-08-23,10466.0,10047.0,10405.5,10405.89454135,10405.0,10406.0,6693.14983533
2019-08-24,10427.0,9893.8,10043.5,10044.0,10043.0,10044.0,5054.93097282
2019-08-25,10350.0,9805.8,10046.5,10046.0,10046.0,10047.0,5102.28674274
2019-08-26,10675.0,10063.0,10319.5,10320.0,10319.0,10320.0,9032.49102773
2019-08-27,10418.0,10021.0,10128.5,10129.0,10128.0,10129.0,4544.39862169
2019-08-28,10370.0,9570.0,9729.95,9724.8,9729.9,9730.0,10320.43209739
2019-08-29,9769.0,9358.2,9513.65,9513.65695467,9513.6,9513.7,7113.66795007
2019-08-30,9725.0,9380.4,9613.65,9613.69705575,9613.6,9613.7,3732.45552792
2019-08-31,9715.0,9471.9,9653.15,9653.0,9653.0,9653.3,2824.84736362
2019-09-01,9868.0,9555.0,9818.45,9818.5,9818.4,9818.5,2705.79490531
2019-09-02,10474.0,9739.41620405,10416.5,10414.0,10416.0,10417.0,11080.98460105
2019-09-03,10766.0,10291.0,10708.0,10707.0,10707.0,10709.0,9833.21433747
2019-09-04,10849.0,10410.0,10607.5,10608.0,10607.0,10608.0,7170.1995512
2019-09-05,10663.0,10481.64244548,10590.5,10591.0,10590.0,10591.0,2992.96400702
2019-09-06,10933.0,10208.0,10384.5,10385.0,10384.0,10385.0,11203.12970352
2019-09-07,10582.0,10300.0,10506.5,10506.0,10506.0,10507.0,3336.78379218
2019-09-08,10599.0,10241.90944816,10421.5,10421.0,10421.0,10422.0,3660.50302838
2019-09-09,10557.0,10118.0,10375.5,10375.29347732,10375.0,10376.0,5104.29276287
2019-09-10,10399.0,9959.0,10083.0,10082.92035674,10082.0,10084.0,4172.14724133
2019-09-11,10300.0,9814.0,10171.5,10172.0,10171.0,10172.0,4367.25905561
2019-09-12,10488.0,10064.0,10433.5,10433.01813883,10433.0,10434.0,4402.64912384
2019-09-13,10475.0,10155.0,10289.5,10289.0,10289.0,10290.0,4369.99038171
2019-09-14,10488.0,10255.0,10383.5,10383.11355094,10383.0,10384.0,3337.67453128
2019-09-15,10403.0,10275.0,10319.5,10319.63622064,10319.0,10320.0,1860.9925739
2019-09-16,10404.0,10091.0,10328.5,10328.0,10328.0,10329.0,5510.14841709
2019-09-17,10330.0,10163.0,10253.5,10253.0,10253.0,10254.0,2885.03712611
2019-09-18,10278.0,10111.0,10196.5,10196.0,10196.0,10197.0,3412.69481623
2019-09-19,10487.0,9655.0,10272.5,10269.0,10272.0,10273.0,9654.89529467
2019-09-20,10340.0,10104.0,10170.5,10170.45673593,10170.0,10171.0,2578.75214004
2019-09-21,10212.0,9942.9,10033.5,10035.0,10033.0,10034.0,3052.24139039
2019-09-22,10105.0,9880.7,10067.5,10068.0,10067.0,10068.0,2715.04254818
2019-09-23,10098.0,9610.3,9695.05,9695.0,9695.0,9695.1,5303.00694102
2019-09-24,9795.0,8100.0,8710.45,8710.5,8710.4,8710.5,34022.28649641
2019-09-25,8800.0,8262.0,8492.35,8498.7,8492.3,8492.4,13144.60556042
2019-09-26,8495.5,7796.6,8118.05,8116.2649249,8118.0,8118.1,15723.15185094
2019-09-27,8309.8,7906.3,8252.05,8252.0,8252.0,8252.1,7478.64196373
2019-09-28,8390.0,8032.1,8254.95,8252.2,8254.5,8255.4,5028.57752372
2019-09-29,8260.2,7930.0,8108.75,8108.76773568,8108.7,8108.8,6199.51490966
2019-09-30,8385.0,7733.3,8265.4,8264.1,8265.2,8265.6,10935.79391633
2019-10-01,8539.3,8228.0,8362.65,8362.7,8362.6,8362.7,5864.50194936
2019-10-02,8399.9,8193.0,8317.3,8317.5,8316.9,8317.7,3052.0933094
2019-10-03,8440.0,8084.1,8200.05,8200.0,8200.0,8200.1,3949.81294171
2019-10-04,8313.3,8032.7,8187.05,8187.0,8187.0,8187.1,3187.97882047
2019-10-05,8210.8,8040.0,8167.85,8167.9,8167.8,8167.9,3343.76073651
2019-10-06,8183.23540584,7806.7,7889.05,7889.1,7889.0,7889.1,5748.9965332
2019-10-07,8366.1,7793.2,8245.95,8245.94421157,8245.9,8246.0,8034.28607858
2019-10-08,8362.0,8132.7,8232.15,8232.1,8232.1,8232.2,3552.26927457
2019-10-09,8719.2,8146.55980111,8601.15,8599.0,8599.1,8603.2,8366.71338281
2019-10-10,8683.9,8472.0,8599.95,8597.9,8599.9,8600.0,4325.04886561
2019-10-11,8815.3,8302.0,8352.45,8352.3,8352.3,8352.6,5828.01813057
2019-10-12,8423.7,8253.0,8352.25,8349.7,8351.8,8352.7,1895.76574813
2019-10-13,8477.96534398,8160.4,8308.2,8305.7,8306.0,8310.4,4051.8118596
2019-10-14,8428.2,8227.3,8364.65,8364.6727206,8364.6,8364.7,2627.02283216
2019-10-15,8439.7,8100.0,8178.45,8178.5,8178.4,8178.5,3222.11913836
2019-10-16,8204.3,7960.0,8004.95,8004.98381643,8004.9,8005.0,7109.15255169
2019-10-17,8150.5326571,7949.3,8075.65,8075.6,8075.6,8075.7,2794.04447369
2019-10-18,8135.11397057,7860.0,7991.05,7991.0,7991.0,7991.1,5283.96062223
2019-10-19,8119.5,7927.0,7980.35,7980.3,7980.3,7980.4,3497.93328794
2019-10-20,8337.0,7921.6,8241.65,8241.6,8241.6,8241.7,4838.1323299
2019-10-21,8371.3,8181.8,8211.95,8211.9,8211.9,8212.0,3425.66433478
2019-10-22,8333.0,8102.4,8117.45,8117.5,8117.4,8117.5,3333.37600651
2019-10-23,8106.7,7333.4,7431.95,7431.9,7431.9,7432.0,13048.74447807
2019-10-24,7529.0,7367.9,7480.35,7480.3,7480.3,7480.4,5959.5880511
2019-10-25,8803.1,7426.0,8628.35,8629.1,8627.6,8629.1,16473.51996145
2019-10-26,10480.0,8575.0,9177.65,9177.9,9177.4,9177.9,32593.88788134
2019-10-27,9823.86430734,9121.2,9619.45,9622.7,9619.4,9619.5,10863.87114273
2019-10-28,9948.9,9300.0,9472.35,9472.3,9472.3,9472.4,8688.14843608
2019-10-29,9559.80072846,9100.0,9459.3,9459.6,9459.0,9459.6,7366.94834547
2019-10-30,9483.3,9035.0,9230.05,9230.7,9229.1,9231.0,5007.67602275
2019-10-31,9467.1,8982.1,9151.15,9151.1,9151.1,9151.2,5595.12735269
2019-11-01,9333.0,9085.5577764,9268.95,9268.9,9268.9,9269.0,4134.18736762
2019-11-02,9429.5,9242.7,9332.95,9333.0,9332.9,9333.0,3603.71425702
2019-11-03,9400.6,9100.0,9232.55,9232.6,9232.5,9232.6,3568.76866569
2019-11-04,9645.0,9152.0,9439.05,9439.0,9439.0,9439.1,7456.80911029
2019-11-05,9504.09548235,9185.1,9355.1,9356.1,9354.1,9356.1,3401.99596134
2019-11-06,9475.0,9278.0,9365.05,9365.0,9365.0,9365.1,3464.13011941
2019-11-07,9387.1,9051.6,9215.95,9216.0,9215.9,9216.0,3719.39115983
2019-11-08,9252.9,8681.0,8800.05,8800.0,8800.0,8800.1,7819.37826764
2019-11-09,8896.0,8734.8,8830.45,8830.5,8830.4,8830.5,1954.09472422
2019-11-10,9250.0,8764.0,9067.75,9068.0,9066.9,9068.6,4608.22784923
2019-11-11,9108.5,8616.5,8737.75,8737.7,8737.7,8737.8,4223.34969323
2019-11-12,8910.0,8602.0,8810.95,8811.0,8810.9,8811.0,3490.88779184
2019-11-13,8849.9,8730.3,8813.05,8813.0,8813.0,8813.1,1323.48808067
2019-11-14,8817.4,8600.0,8651.35,8651.3,8651.3,8651.4,3287.25649143
2019-11-15,8800.0,8420.1,8482.45,8482.45910512,8482.4,8482.5,5165.64200628
2019-11-16,8577.0,8440.1,8520.55,8520.6,8520.5,8520.6,1533.25961433
2019-11-17,8699.5,8404.4,8531.15,8531.1044356,8531.1,8531.2,2814.07339072
2019-11-18,8537.0,8117.0,8216.45,8216.5,8216.4,8216.5,6326.9144916
2019-11-19,8245.53052527,8051.7,8161.45,8161.4,8161.4,8161.5,3702.25017858
2019-11-20,8257.8,8081.0,8117.75,8117.75292661,8117.7,8117.8,2032.65509316
2019-11-21,8155.9,7500.0,7665.3,7664.8,7664.6,7666.0,9850.83144901
2019-11-22,7766.0,6819.2,7337.1,7335.5,7336.8,7337.4,19340.57711962
2019-11-23,7385.0,7141.0,7358.05,7358.1,7358.0,7358.1,4619.52607578
2019-11-24,7372.0,6982.7,7003.05,7003.0,7003.0,7003.1,8101.79957084
2019-11-25,7414.4,6618.0,7158.75,7158.71305963,7158.7,7158.8,18484.88828895
2019-11-26,7386.3,7047.2,7205.25,7205.28588175,7205.2,7205.3,5188.77081248
2019-11-27,7689.0,6878.2,7543.45,7543.5,7543.4,7543.5,13865.24160352
2019-11-28,7690.0,7415.0,7475.95,7475.9,7475.9,7476.0,4385.79354263
2019-11-29,7933.4,7450.0,7788.15,7787.0,7787.2,7789.1,7271.83051408
2019-11-30,7861.6,7492.0,7598.25,7598.2,7598.2,7598.3,4887.71752574
2019-12-01,7600.1,7288.6,7453.05,7453.0,7453.0,7453.1,6320.64328145
2019-12-02,7467.3,7206.4,7362.05,7362.0607448,7362.0,7362.1,4617.11226293
2019-12-03,7454.6,7287.0,7348.35,7348.3,7348.3,7348.4,2277.48348707
2019-12-04,7890.0,7129.0,7264.55,7264.5,7264.5,7264.6,11684.3670093
2019-12-05,7530.9,7191.0,7440.45,7440.4,7440.4,7440.5,4757.27436311
2019-12-06,7661.8,7350.0,7574.95,7574.9,7574.9,7575.0,5672.53035867
2019-12-07,7669.8,7516.7,7547.05,7547.0,7547.0,7547.1,1711.94453555
2019-12-08,7620.0,7433.6,7569.2,7568.58080309,7569.1,7569.3,4299.77000183
2019-12-09,7748.7,7306.2,7374.15,7374.2,7374.1,7374.2,6533.89643022
2019-12-10,7434.6,7200.0,7268.25,7268.23742998,7268.2,7268.3,3620.65723486
2019-12-11,7312.0,7169.0,7230.65,7230.7,7230.6,7230.7,3119.9883008
2019-12-12,7369.0188921,7132.8,7234.85,7234.8823457,7234.8,7234.9,5569.20684352
2019-12-13,7332.0,7218.7,7283.15,7283.2,7283.1,7283.2,2880.0229918
2019-12-14,7290.5,7032.6,7104.65,7104.6,7104.6,7104.7,3402.52894041
2019-12-15,7224.8,7043.9,7155.05,7155.1,7155.0,7155.1,3240.99006743
2019-12-16,7196.0,6900.0,6928.25,6928.28070801,6928.2,6928.3,13313.21164333
2019-12-17,6972.0,6620.0,6667.05,6667.1,6667.0,6667.1,12621.20512287
2019-12-18,7482.2,6477.0,7319.75,7319.7,7319.7,7319.8,13734.02631526
2019-12-19,7417.1,7079.7,7175.05,7175.1,7175.0,7175.1,5410.7800573
2019-12-20,7249.0,7116.8,7210.65,7210.6,7210.6,7210.7,5700.546158
2019-12-21,7215.1,7136.5,7167.45,7167.4,7167.4,7167.5,2276.6287464
2019-12-22,7535.0,7159.6,7512.6,7512.4,7512.5,7512.7,3548.26521912
2019-12-23,7715.1,7282.4,7357.85,7357.82355132,7357.8,7357.9,7080.18164496
2019-12-24,7445.0,7182.1,7257.25,7257.2,7257.2,7257.3,4210.34291008
2019-12-25,7294.2,7113.2,7220.05,7220.0,7220.0,7220.1,3352.92890003
2019-12-26,7465.0,7181.8,7240.75,7241.0,7240.7,7240.8,4660.72222378
2019-12-27,7300.0,7113.3,7278.65,7278.7,7278.6,7278.7,3983.9518899
2019-12-28,7390.0,7279.2,7337.9,7338.6,7337.8,7338.0,2568.07773656
2019-12-29,7551.6,7311.6,7415.95,7415.9,7415.9,7416.0,2488.16536488
2019-12-30,7421.7,7201.29026477,7261.65,7261.6,7261.6,7261.7,4074.56813932
2019-12-31,7333.0,7161.3,7209.45,7210.8,7209.4,7209.5,2991.75698465
2020-01-01,7285.1,7185.4,7213.05,7213.1,7213.0,7213.1,2045.34352654
2020-01-02,7225.8,6963.0,6989.45,6989.5,6989.4,6989.5,4848.08533009
2020-01-03,7444.9,6909.3,7356.95,7356.9,7356.9,7357.0,6653.41435718
2020-01-04,7422.0,7297.3,7373.05,7373.0,7373.0,7373.1,4264.09072769
2020-01-05,7509.9,7315.8,7346.65,7344.9,7346.6,7346.7,4415.50940959
2020-01-06,7785.0,7358.0,7769.75,7768.7,7768.7,7770.8,8425.22110587
2020-01-07,8210.3,7741.9,8173.75,8173.6,8173.6,8173.9,12283.01195997
2020-01-08,8442.0,7877.6,8052.95,8052.93510231,8052.9,8053.0,11730.09453023
2020-01-09,8036.8,7756.0,7819.55,7819.1,7819.5,7819.6,4647.50903251
2020-01-10,8135.1,7675.8,8117.95,8118.0,8117.9,8118.0,7570.47612482
2020-01-11,8282.4,7991.8,8011.4,8011.1,8011.0,8011.8,4183.15118237
2020-01-12,8173.7,7951.7,8161.05,8163.3,8161.0,8161.1,3192.15614311
2020-01-13,8199.7,8053.6,8117.25,8117.3,8117.2,8117.3,2584.53374706
2020-01-14,8829.0,8095.8,8782.85,8783.1,8782.6,8783.1,16409.44550076
2020-01-15,8873.0,8560.1,8792.55,8792.5,8792.5,8792.6,8759.3300696
2020-01-16,8839.9,8579.8,8719.25,8719.29661989,8719.2,8719.3,5284.39695443
2020-01-17,9000.0,8674.2,8884.15,8883.8,8883.8,8884.5,9686.5770215
2020-01-18,8965.0,8791.12468089,8913.25,8913.2,8913.2,8913.3,3445.52363409
2020-01-19,9169.5,8450.0,8715.6,8716.8,8712.5,8718.7,12375.23939497
2020-01-20,8741.1,8519.6,8645.55,8645.9,8645.2,8645.9,4097.39219037
2020-01-21,8787.17417425,8500.0,8739.95,8739.98859801,8739.9,8740.0,3244.68977424
2020-01-22,8799.9,8580.5,8643.95,8644.0,8643.9,8644.0,2318.28967089
2020-01-23,8670.4,8296.0,8371.35,8371.4,8371.3,8371.4,5649.27226725
2020-01-24,8523.0,8246.0,8442.75,8442.71967559,8442.7,8442.8,3506.61810351
2020-01-25,8447.2,8280.0,8370.25,8370.20246779,8370.2,8370.3,2074.71740015
2020-01-26,8631.6,8301.0,8609.95,8609.92237508,8609.9,8610.0,3488.3795325
2020-01-27,9001.86207428,8585.0,8910.15,8908.8,8910.1,8910.2,6254.17700264
2020-01-28,9400.0,8911.1,9361.75,9357.8,9361.3,9362.2,8901.35395421
2020-01-29,9442.3,9242.2,9334.75,9335.0,9334.7,9334.8,4514.60100524
2020-01-30,9550.0,9122.8,9492.85,9492.8,9492.8,9492.9,8996.70706469
2020-01-31,9519.9,9220.3,9371.45,9371.2,9369.6,9373.3,4846.00120544
2020-02-01,9476.4,9318.0,9408.45,9408.5,9408.4,9408.5,2530.3795247
2020-02-02,9501.3,9165.0,9366.4,9366.3,9365.2,9367.6,6420.65451945
2020-02-03,9628.6,9247.0,9318.35,9318.4,9318.3,9318.4,6715.969034
2020-02-04,9359.8,9112.5,9199.45,9202.6,9199.4,9199.5,4068.07713089
2020-02-05,9731.9,9180.2023255,9624.65,9624.66257768,9624.6,9624.7,10733.50147094
2020-02-06,9860.0,9547.0,9728.15,9728.18361011,9728.1,9728.2,8573.99505675
2020-02-07,9860.0,9683.9,9780.3,9781.326356,9779.4,9781.2,3642.62762409
2020-02-08,9920.8,9657.8,9877.95,9878.0,9877.9,9878.0,5514.13004837
2020-02-09,10165.0,9871.1,10131.5,10132.0,10130.0,10133.0,9549.47791455
2020-02-10,10187.0,9701.0,9878.35,9880.9,9877.9,9878.8,8509.02948587
2020-02-11,10316.0,9720.0,10252.5,10251.0,10251.0,10254.0,8442.10248227
2020-02-12,10460.0,10238.0,10329.5,10329.0,10329.0,10330.0,8663.41995549
2020-02-13,10491.0,10058.0,10204.5,10204.0,10204.0,10205.0,8960.48238544
2020-02-14,10373.0,10101.0,10319.5,10320.0,10319.0,10320.0,4111.54516903
2020-02-15,10373.0,9800.0,9890.05,9890.0,9890.0,9890.1,6352.74506535
2020-02-16,10037.0,9651.3,9989.95,9990.0,9989.9,9990.0,6872.4485538
2020-02-17,9969.2,9501.5,9684.95,9685.0,9684.9,9685.0,9207.64225468
2020-02-18,10275.0,9625.8,10187.5,10187.47945432,10187.0,10188.0,8216.61521098
2020-02-19,10310.0,9290.0,9613.9,9613.7,9612.9,9614.9,13855.95289603
2020-02-20,9699.9,9359.7,9608.35,9608.36162622,9608.3,9608.4,6491.31556117
2020-02-21,9760.3,9566.8,9700.05,9700.0,9700.0,9700.1,10944.4373905
2020-02-22,9719.0,9565.1,9660.65,9660.7,9660.6,9660.7,1841.3618217
2020-02-23,10001.0,9660.0,9982.85,9982.8,9982.8,9982.9,7212.46540585
2020-02-24,10022.0,9441.2,9672.65,9673.8,9672.1,9673.2,6581.26874051
2020-02-25,9691.9,9251.4,9350.9,9351.0,9350.8,9351.0,8435.61903746
2020-02-26,9385.9,8652.7,8817.55,8815.5,8816.4,8818.7,14573.44335791
2020-02-27,8975.0,8555.0,8779.55,8779.52733636,8779.5,8779.6,8381.33012406
2020-02-28,8908.3,8455.09929552,8763.25,8763.2,8763.2,8763.3,6956.17305392
2020-02-29,8829.0,8581.0,8581.1,8581.42934763,8581.0,8581.2,2389.59843812
2020-03-01,8775.0,8460.0,8558.35,8558.5,8558.2,8558.5,5383.3323415
2020-03-02,8990.8,8524.62816151,8925.45,8926.0,8924.8,8926.1,5163.96080005
2020-03-03,8940.0,8686.2,8813.25,8813.08377098,8813.0,8813.5,5316.03145312
2020-03-04,8877.7,8718.4,8785.6,8786.0,8785.4,8785.8,4168.30491772
2020-03-05,9186.5,8788.6,9075.05,9075.0,9075.0,9075.1,5663.17162512
2020-03-06,9199.7,9011.3,9172.85,9174.5,9172.8,9172.9,3113.23593574
2020-03-07,9241.5,8867.4,8918.95,8919.0,8918.9,8919.0,4483.88453322
2020-03-08,8919.0,8060.0,8062.25,8060.6,8060.2,8064.3,24945.37631121
2020-03-09,8287.21364132,7700.0,7902.65,7902.7,7902.6,7902.7,26024.36453419
2020-03-10,8180.0,7776.6,7983.95,7982.3,7983.9,7984.0,10230.12952078
2020-03-11,8034.6,7634.8,7987.15,7986.4276898,7987.1,7987.2,10869.08974337
2020-03-12,8016.0,5593.0,5767.05,5768.6,5765.1,5769.0,92986.7279624
2020-03-13,5973.3,4000.0,5595.55,5595.6,5595.5,5595.6,124953.35345349
2020-03-14,5733.2,5207.6,5285.95,5284.93392621,5285.9,5286.0,16968.11448475
2020-03-15,5987.0,5095.0,5371.35,5371.3,5371.3,5371.4,24952.82995622
2020-03-16,5475.0911958,4467.9009243,4938.4,4938.4,4938.3,4938.5,41766.81028472
2020-03-17,5572.8,4956.1,5468.25,5467.6,5467.6,5468.9,19870.99023948
2020-03-18,5487.96366832,5033.0,5342.85,5340.0,5342.8,5342.9,21085.40696832
2020-03-19,6385.0,5264.6,6349.75,6349.7,6349.7,6349.8,30325.52128822
2020-03-20,6929.8,5665.0246058,6141.65,6143.2,6140.3,6143.0,30988.56261674
2020-03-21,6474.7,5882.4,6216.05,6216.0,6216.0,6216.1,13250.09200995
2020-03-22,6410.9,5775.1,5889.85,5889.8,5889.8,5889.9,15394.13216165
2020-03-23,6664.3,5677.0,6427.05,6427.01406111,6427.0,6427.1,19860.35788348
2020-03-24,6840.0,6406.0,6775.9,6775.1,6775.1,6776.7,16929.95486782
2020-03-25,6968.0,6430.2,6669.65,6672.7,6669.6,6669.7,13770.00161078
2020-03-26,6790.8,6516.0,6709.95,6710.0,6709.9,6710.0,6630.13014467
2020-03-27,6861.4,6571.3,6673.6,6673.9,6673.3,6673.9,7324.59440388
2020-03-28,6670.5,6050.0,6209.85,6207.3,6208.4,6211.3,16767.87979058
2020-03-29,6280.0,5894.2,5923.6,5923.3,5923.4,5923.8,10859.59981184
2020-03-30,6636.0,5880.9,6516.05,6516.1,6516.0,6516.1,12386.94468324
2020-03-31,6536.0,6349.7,6450.55,6449.7,6450.5,6450.6,5711.06395534
2020-04-01,6666.6,6180.0,6567.25,6567.2,6567.2,6567.3,9785.83779939
2020-04-02,7283.5,6542.0,6871.05,6871.5,6870.6,6871.5,21482.84136761
2020-04-03,7049.1,6623.3,6749.35,6749.4,6749.3,6749.4,10018.94647649
2020-04-04,7014.0,6660.0,6881.1,6880.1,6880.8,6881.4,7154.62541343
2020-04-05,6917.9,6690.2,6796.65,6797.0,6796.4,6796.9,5609.04689475
2020-04-06,7317.2,6775.1,7283.25,7283.2,7283.2,7283.3,13695.59096908
2020-04-07,7454.3,7088.0,7190.65,7191.0,7190.0,7191.3,12768.26144494
2020-04-08,7420.0,7151.64491202,7354.05,7354.1,7354.0,7354.1,8050.96501162
2020-04-09,7390.2,7117.0,7312.75,7312.7,7312.7,7312.8,7743.27945416
2020-04-10,7320.8,6756.3,6836.85,6836.9,6836.8,6836.9,15789.1622625
2020-04-11,6957.8,6780.0,6857.65,6858.3,6857.3,6858.0,4034.22303267
2020-04-12,7192.5,6797.6,7016.3,7015.78640506,7015.7,7016.9,8487.85968563
2020-04-13,7057.2,6571.1,6863.8,6861.0,6862.6,6865.0,12746.79803629
2020-04-14,6985.0,6762.6,6876.95,6876.9,6876.9,6877.0,4641.93978399
2020-04-15,6940.6,6700.0,6731.05,6731.0,6731.0,6731.1,5360.47822936
2020-04-16,7166.4,6500.4,7141.75,7147.3,7141.7,7141.8,17796.31771301
2020-04-17,7200.0,7010.2,7079.15,7079.6,7078.7,7079.6,4659.06569656
2020-04-18,7284.0,7030.26207155,7280.15,7280.2,7280.1,7280.2,5224.1166663
2020-04-19,7298.0,7056.9,7188.35,7188.3,7188.3,7188.4,4719.85606339
2020-04-20,7236.3,6766.0,6879.95,6879.90342,6879.9,6880.0,9984.06670446
2020-04-21,6958.8,6770.1,6900.85,6900.8,6900.8,6900.9,6548.27372678
2020-04-22,7164.0,6826.1783037,7115.95,7116.0,7115.9,7116.0,4834.62113153
2020-04-23,7773.9,7042.0,7567.45,7567.4,7567.4,7567.5,16267.40024348
2020-04-24,7614.0,7420.1,7491.9,7492.9,7490.9,7492.9,9213.78486406
2020-04-25,7700.0,7450.0,7530.05,7530.0428736,7530.0,7530.1,5031.48234706
2020-04-26,7697.8,7473.5,7594.65,7595.24070379,7594.6,7594.7,5153.79967649
2020-04-27,7771.5,7613.24481741,7757.45,7757.4754045,7757.4,7757.5,7041.05314334
2020-04-28,7777.7,7655.8,7744.7,7744.2,7744.4,7745.0,5573.70623349
2020-04-29,8918.0,7705.1,8776.45,8777.3,8776.0,8776.9,29971.23465308
2020-04-30,9441.90721684,8416.0,8712.4,8707.8,8710.3,8714.5,29203.5294961
2020-05-01,9070.0,8597.2,8841.25,8841.2,8841.2,8841.3,8492.53392692
2020-05-02,9004.043244,8756.2,8926.55,8926.532916,8926.5,8926.6,5139.27492221
2020-05-03,9198.0,8738.0,8928.35,8935.6,8928.3,8928.4,9604.89849146
2020-05-04,8961.8,8517.0,8890.15,8890.14885158,8890.1,8890.2,9222.29887375
2020-05-05,9124.8,8758.6,8943.45,8943.49142902,8943.4,8943.5,7699.9744801
2020-05-06,9387.0,8913.56992467,9360.3,9363.7564345,9357.8,9362.8,7328.47599558
2020-05-07,9964.0,9029.0,9859.45,9859.5,9859.4,9859.5,18379.85361416
2020-05-08,10045.0,9705.0,9963.05,9963.0,9963.0,9963.1,12281.64598894
2020-05-09,9921.1,9463.99256,9598.65,9598.7,9598.6,9598.7,10446.64187173
2020-05-10,9623.1,8101.0,8765.8,8767.5,8764.8,8766.8,26425.03539349
2020-05-11,9142.0,8200.0,8597.15,8594.0,8596.7,8597.6,20909.86484637
2020-05-12,8968.0,8498.61326339,8816.35,8816.7,8816.0,8816.7,5738.2807559
2020-05-13,9408.0,8777.2,9285.75,9285.7,9285.7,9285.8,9838.61160253
2020-05-14,9938.7,9266.2,9775.95,9775.9,9775.9,9776.0,12758.82512402
2020-05-15,9848.9,9130.2,9424.7,9426.0,9423.8,9425.6,11077.53541833
2020-05-16,9580.0,9222.0,9398.25,9398.3,9398.2,9398.3,4390.01534177
2020-05-17,9883.5,9329.7,9696.35,9696.3958591,9696.3,9696.4,9557.78338656
2020-05-18,9944.0,9450.0,9732.25,9732.3,9732.2,9732.3,9056.75415912
2020-05-19,9878.0,9457.8,9749.15,9748.0,9748.8,9749.5,5614.83888359
2020-05-20,9842.7,9301.0,9528.85,9528.9,9528.8,9528.9,9457.01637719
2020-05-21,9564.1,8815.3,9140.1,9139.9,9139.9,9140.3,11257.94023102
2020-05-22,9269.0,8935.4,9193.45,9193.48279642,9193.4,9193.5,4001.56840106
2020-05-23,9304.0,9072.8,9224.1,9225.08018187,9223.0,9225.2,2479.7264343
2020-05-24,9300.0,8859.2,9038.35,9038.39760185,9038.3,9038.4,5271.49909428
2020-05-25,9045.9,8620.0,8905.65,8905.64431086,8905.6,8905.7,7055.88664396
2020-05-26,9013.3,8704.9,8835.35,8835.4,8835.3,8835.4,3865.75633356
2020-05-27,9225.0,8820.8,9104.95,9100.1,9104.9,9105.0,5488.25555298
2020-05-28,9581.4,9095.80506011,9514.9,9515.1,9514.8,9515.0,7226.57652687
2020-05-29,9630.3,9352.0,9429.45,9429.5,9429.4,9429.5,4297.45604643
2020-05-30,9735.6,9323.3,9685.05,9685.9992,9685.0,9685.1,5751.1179973
2020-05-31,9750.0,9411.8,9440.95,9441.0,9440.9,9441.0,3710.65657212
2020-06-01,9744.0,9402.6,9714.35,9714.33339048,9714.3,9714.4,5446.98251978
2020-06-02,10398.0,9150.0,9535.55,9535.50205553,9535.5,9535.6,29392.7037923
2020-06-03,9640.8,9400.0,9598.35,9598.36050115,9598.3,9598.4,2511.81627027
2020-06-04,9882.1,9461.00275433,9819.35,9819.4,9819.3,9819.4,4395.78615595
2020-06-05,9865.8,9625.35925038,9667.9,9668.4,9667.4,9668.4,3616.85631124
2020-06-06,9742.3,9552.60822337,9636.85,9637.3,9636.4,9637.3,2012.10245411
2020-06-07,9814.0,9393.8,9769.35,9769.4,9769.3,9769.4,4672.60747592
2020-06-08,9800.0,9647.1,9704.05,9704.0,9704.0,9704.1,2232.16603247
2020-06-09,9876.0,9577.9,9776.45,9775.5,9776.4,9776.5,3490.75987323
2020-06-10,10012.0,9661.6,9901.95,9901.9,9901.9,9902.0,4419.20577726
2020-06-11,9972.8,9084.0,9325.95,9325.9,9325.9,9326.0,15645.9801659
2020-06-12,9544.0,9246.0,9467.25,9467.3,9467.2,9467.3,5194.3202161
2020-06-13,9498.6,9363.59686037,9436.15,9436.2,9436.1,9436.2,1747.94183015
2020-06-14,9486.0,9262.0,9389.2,9388.77835569,9389.1,9389.3,2682.80052123
2020-06-15,9530.9,8914.9,9425.8,9425.2,9425.1,9426.5,10228.3765247
2020-06-16,9590.0,9388.0,9520.65,9520.7,9520.6,9520.7,3412.03354248
2020-06-17,9566.0,9260.0,9449.95,9449.9,9449.9,9450.0,3102.50244548
2020-06-18,9496.9,9285.0,9379.75,9380.0,9379.7,9379.8,1724.4221573
2020-06-19,9444.1,9237.0,9338.85,9339.4,9338.8,9338.9,2528.97276255
2020-06-20,9406.6,9178.0,9384.9,9384.38514499,9384.5,9385.3,1897.69496793
2020-06-21,9431.2,9297.6,9306.75,9306.8,9306.7,9306.8,1317.03588979
2020-06-22,9795.0,9285.2,9668.25,9667.5,9668.2,9668.3,5862.93524577
2020-06-23,9724.0,9589.7,9624.3,9624.5,9624.1,9624.5,3434.47759519
2020-06-24,9684.1,9212.0,9286.35,9285.7,9286.1,9286.6,5450.21960117
2020-06-25,9349.0,9011.0,9262.35,9262.3,9262.3,9262.4,5590.33625484
2020-06-26,9299.0,9054.1,9191.9,9193.2,9191.0,9192.8,3642.66255988
2020-06-27,9202.5,8855.0,9017.05,9016.0,9017.0,9017.1,3304.98029997
2020-06-28,9193.187058,8946.6,9113.35,9113.4,9113.3,9113.4,2188.50280388
2020-06-29,9244.0,9018.12556046,9209.65,9209.6,9209.6,9209.7,3634.28233572
2020-06-30,9206.45653809,9077.0,9143.95,9143.9369802,9143.9,9144.0,1828.61248664
2020-07-01,9298.0,9109.4,9235.95,9235.94104454,9235.9,9236.0,2182.75083486
2020-07-02,9266.2,8950.0,9109.1,9106.0,9108.3,9109.9,3795.78785657
2020-07-03,9135.5,9056.7,9098.25,9098.3,9098.2,9098.3,1061.88790445
2020-07-04,9204.0,9060.0,9131.95,9131.9,9131.9,9132.0,1145.79316318
2020-07-05,9152.30680224,8918.0,9092.55,9094.9,9092.5,9092.6,2032.67804528
2020-07-06,9370.998872,9075.80199233,9284.85,9284.86858184,9284.8,9284.9,4078.83543497
2020-07-07,9389.58638306,9211.1,9250.95,9250.9,9250.9,9251.0,1800.42967242
2020-07-08,9497.2,9256.0,9475.4,9474.9,9474.9,9475.9,3837.74638312
2020-07-09,9468.66801014,9175.0,9250.25,9250.23670599,9250.2,9250.3,3681.50391086
2020-07-10,9269.3,9133.1,9253.85,9253.8,9253.8,9253.9,1303.37723599
2020-07-11,9324.6,9200.1,9231.65,9231.6,9231.6,9231.7,955.44247829
2020-07-12,9368.4,9175.0,9293.65,9293.7,9293.2,9294.1,1805.64310296
2020-07-13,9350.0,9220.0,9254.25,9254.2,9254.2,9254.3,1978.77263921
2020-07-14,9287.3,9107.0,9269.05,9269.4,9269.0,9269.1,2209.59485317
2020-07-15,9280.0,9179.0,9221.35,9221.38500179,9221.3,9221.4,861.80239242
2020-07-16,9227.2,9026.6,9141.75,9141.77195932,9141.7,9141.8,2897.62652711
2020-07-17,9194.0,9102.1,9166.25,9166.3,9166.2,9166.3,1064.8212514
2020-07-18,9217.1,9120.1,9186.95,9185.9,9186.9,9187.0,1167.96979952
2020-07-19,9214.4,9111.8,9210.15,9210.1,9210.1,9210.2,915.52808327
2020-07-20,9299.0,9154.5,9183.35,9183.3,9183.3,9183.4,1888.97739193
2020-07-21,9457.2,9174.4179114,9407.05,9407.0,9407.0,9407.1,5354.53702392
2020-07-22,9642.4,9305.0,9532.25,9532.2,9532.2,9532.3,3927.65263171
2020-07-23,9685.43228684,9475.0,9608.45,9608.4,9607.9,9609.0,4854.34497346
2020-07-24,9644.0,9469.65964973,9573.05,9573.2,9572.9,9573.2,2218.09337136
2020-07-25,9754.5,9540.0,9706.45,9707.1,9705.8,9707.1,2537.1467375
2020-07-26,10190.0,9674.8,9954.15,9954.2,9954.1,9954.2,8922.8293946
2020-07-27,11379.0,9921.0,11279.5,11277.0,11279.0,11280.0,19122.36731255
2020-07-28,11263.0,10590.0,10953.5,10954.0,10953.0,10954.0,12139.18262535
2020-07-29,11355.0,10851.0,11282.5,11284.0,11282.0,11283.0,8478.12557551
2020-07-30,11265.0,10855.80732708,11123.5,11123.84092289,11123.0,11124.0,4451.15919779
2020-07-31,11440.0,10990.0,11308.5,11309.0,11308.0,11309.0,5813.66262715
2020-08-01,11843.0,11227.0,11756.0,11757.0,11755.0,11757.0,10320.67293727
2020-08-02,12097.0,10548.0,11113.5,11113.33845095,11113.0,11114.0,13483.58417815
2020-08-03,11456.0,10943.0,11198.0,11201.0,11197.0,11199.0,3869.00572988
2020-08-04,11396.0,11003.0,11203.5,11204.0,11203.0,11204.0,3419.07868069
2020-08-05,11800.0,11085.0,11649.5,11649.57654183,11649.0,11650.0,5675.19428894
2020-08-06,11890.0,11557.0,11754.5,11754.88684994,11754.0,11755.0,3961.57313805
2020-08-07,11900.0,11326.0,11609.5,11609.0,11609.0,11610.0,5116.37464329
2020-08-08,11796.0,11523.0,11722.5,11723.0,11722.0,11723.0,1898.03504749
2020-08-09,11788.0,11530.0,11657.5,11657.53605986,11657.0,11658.0,1473.00023037
2020-08-10,12065.0,11450.0,11811.5,11812.0,11811.0,11812.0,6631.83126722
2020-08-11,11943.0,11123.0,11325.5,11326.0,11325.0,11326.0,7072.71093492
2020-08-13,11822.0,11279.0,11775.5,11775.02047389,11775.0,11776.0,5633.03304253
2020-08-14,11869.0,11650.03890904,11768.5,11768.34176,11768.0,11769.0,4728.20837485
2020-08-15,11997.0,11705.0,11905.5,11906.0,11905.0,11906.0,4012.78686433
2020-08-16,11944.0,11705.0,11905.5,11905.0,11905.0,11906.0,2695.03217399
2020-08-17,12490.0,11675.0,12391.5,12389.0,12391.0,12392.0,9775.120654
2020-08-18,12407.0,11814.0,12058.5,12058.96393587,12058.0,12059.0,7203.65257343
2020-08-19,12068.0,11608.59604692,11787.5,11787.91304733,11787.0,11788.0,6524.19145971
2020-08-20,11902.0,11680.0,11835.5,11833.677744,11835.0,11836.0,2749.80749505
2020-08-21,11899.0,11500.0,11570.5,11571.0,11570.0,11571.0,5986.70246387
2020-08-22,11702.0,11390.0,11666.5,11668.0,11666.0,11667.0,3560.6810912
2020-08-23,11736.0,11538.0,11660.5,11660.47755554,11660.0,11661.0,1973.24174635
2020-08-24,11847.0,11605.0,11757.5,11759.0,11757.0,11758.0,1991.20164371
2020-08-25,11797.0,11137.0,11381.5,11381.0,11381.0,11382.0,6024.22413745
2020-08-26,11546.0,11219.88888,11454.5,11454.53216,11454.0,11455.0,2617.0604708
2020-08-27,11609.0,11145.0,11284.5,11281.0,11283.0,11286.0,4632.37913476
2020-08-28,11567.0,11280.97184916,11491.5,11491.92088197,11491.0,11492.0,2184.4173349
2020-08-29,11606.34239887,11450.0,11522.5,11522.0,11522.0,11523.0,1411.96904529
2020-08-30,11721.0,11477.8712056,11671.5,11672.0,11671.0,11672.0,2062.23703984
2020-08-31,11790.0,11600.0,11698.5,11699.0,11698.0,11699.0,2286.50724054
2020-09-01,12067.0,11552.0,11983.5,11979.9737595,11983.0,11984.0,4881.40614161
2020-09-02,12022.58464352,11183.0,11444.5,11445.0,11444.0,11445.0,6345.19650512
2020-09-03,11460.98620262,10510.0,10681.5,10682.0,10681.0,10682.0,11307.86473623
2020-09-04,10679.114806,9965.7,10547.5,10548.0,10547.0,10548.0,18032.75064976
2020-09-05,10593.0,9925.5,10052.5,10052.67015712,10052.0,10053.0,8095.96396275
2020-09-06,10365.07422046,9969.0,10218.5,10219.0,10218.0,10219.0,3121.67648308
2020-09-07,10428.0,9913.8,10403.5,10403.05484743,10403.0,10404.0,6223.36228316
2020-09-08,10464.0,9882.4,10094.5,10081.0,10094.0,10095.0,6685.0428248
2020-09-09,10359.0,10010.0,10295.5,10296.0,10295.0,10296.0,2432.57647146
2020-09-10,10516.0,10192.0,10349.5,10350.0,10349.0,10350.0,3595.94213156
2020-09-11,10412.0,10197.0,10392.5,10392.0,10392.0,10393.0,2245.25867134
2020-09-12,10492.0,10287.0,10452.5,10452.631728,10452.0,10453.0,1659.1215483
2020-09-13,10623.0,10231.0,10311.0,10307.03131201,10310.0,10312.0,4034.56847819
2020-09-14,10773.0,10259.0,10672.5,10673.0,10672.0,10673.0,3626.5917569499998
2020-09-15,10944.0,10637.0,10827.5,10827.674234,10827.0,10828.0,4946.20820103
2020-09-16,11104.97665904,10682.0,11039.5,11041.0,11039.0,11040.0,4783.33427475
2020-09-17,11069.17646505,10765.936272,10940.5,10941.0,10940.0,10941.0,2512.48321981
2020-09-18,11064.0,10825.0,10949.5,10948.88524001,10949.0,10950.0,2005.54811138
2020-09-19,11185.0,10901.40545736,11073.5,11071.0,11073.0,11074.0,2741.57153237
2020-09-20,11099.0,10779.0,10889.5,10889.64975566,10889.0,10890.0,1729.56406367
2020-09-21,11000.0,10321.0,10516.5,10516.0,10516.0,10517.0,5982.31560913
2020-09-22,10597.0,10377.0,10529.5,10530.0,10529.0,10530.0,2459.82394499
2020-09-23,10555.0,10152.0,10290.5,10291.0,10290.0,10291.0,2790.54534693
2020-09-24,10758.0,10222.0,10725.5,10726.0,10725.0,10726.0,3080.91603712
2020-09-25,10795.0,10580.0,10720.5,10720.0,10720.0,10721.0,2534.60227544
2020-09-26,10841.0,10675.0,10760.5,10760.0,10760.0,10761.0,938.45746115
2020-09-27,10824.0,10594.0,10774.5,10774.0,10774.0,10775.0,1711.41539889
2020-09-28,10986.0,10760.0,10881.0,10881.06778692,10880.0,10882.0,2617.39936894
2020-09-29,10879.80118287,10654.0,10770.5,10770.872103,10770.0,10771.0,2906.88029989
2020-09-30,10889.0,10684.0,10756.5,10756.0,10756.0,10757.0,1576.12420665
2020-10-01,10975.126364,10460.0,10633.5,10636.0,10633.0,10634.0,5681.36988495
2020-10-02,10686.0,10391.0,10566.5,10566.53893952,10566.0,10567.0,3700.89422527
2020-10-03,10616.0,10513.0,10560.5,10561.0,10560.0,10561.0,891.57415434
2020-10-04,10713.0,10541.0,10669.5,10670.0,10669.0,10670.0,1626.37902297
2020-10-05,10785.0,10637.0,10775.5,10776.0,10775.0,10776.0,1714.4377016400001
2020-10-06,10819.959108,10548.0,10600.5,10600.02697768,10600.0,10601.0,3237.4411136
2020-10-07,10686.0,10563.0,10663.5,10664.0,10663.0,10664.0,1675.95522144
2020-10-08,10971.0,10541.0,10914.5,10914.097084,10914.0,10915.0,3630.3161683900003
2020-10-09,11133.99746703,10853.1165156,11065.5,11066.0,11065.0,11066.0,2492.26873728
2020-10-10,11505.0,11071.0,11367.5,11367.445248,11367.0,11368.0,4165.19664488
2020-10-11,11451.0,11269.0,11355.5,11356.0,11355.0,11356.0,1536.80124366
2020-10-12,11739.97398,11111.0,11679.5,11679.97390125,11679.0,11680.0,5626.79751782
2020-10-13,11680.0,11333.0,11452.5,11453.0,11452.0,11453.0,4627.56568446
2020-10-14,11564.0,11309.0,11400.5,11401.0,11400.0,11401.0,2709.90637084
2020-10-15,11632.0,11277.0,11501.5,11501.0,11501.0,11502.0,4226.21942218
2020-10-16,11547.0,11212.0,11360.5,11361.0,11360.0,11361.0,3440.79643823
2020-10-17,11418.0,11275.0,11358.5,11358.0,11358.0,11359.0,1098.94287895
2020-10-18,11508.0,11357.0,11479.5,11480.0,11479.0,11480.0,1267.21910483
2020-10-19,11828.0,11417.0,11775.5,11775.0,11775.0,11776.0,3791.79758628
2020-10-20,12044.0,11696.0,11941.5,11941.06467495,11941.0,11942.0,5393.47604217
2020-10-21,13143.0,11905.0,13136.5,13136.5889774,13136.0,13137.0,13537.25514051
2020-10-22,13220.0,12710.0,13129.5,13129.0,13129.0,13130.0,7482.60501957
2020-10-23,13068.0,12738.0,12936.5,12937.0,12936.0,12937.0,2912.09797778
2020-10-24,13178.0,12882.0,13076.0,13076.736624,13075.0,13077.0,2021.21372778
2020-10-25,13358.0,12850.0,13020.5,13020.0,13020.0,13021.0,3682.22235853
2020-10-26,13244.0,12781.0,13036.5,13036.0,13036.0,13037.0,3605.24868575
2020-10-27,13736.0,13042.0,13723.5,13724.0,13723.0,13724.0,8146.87943922
2020-10-28,13839.0,12915.0,13259.5,13259.63697,13259.0,13260.0,7909.1139182
2020-10-29,13629.0,12972.0,13450.5,13450.0,13450.0,13451.0,3997.73082923
2020-10-30,13673.0,13120.0,13577.5,13577.0,13577.0,13578.0,4558.96101542
2020-10-31,14055.0,13425.0,13859.5,13859.0,13859.0,13860.0,9057.49328665
2020-11-01,13892.0,13611.0,13683.5,13682.94790468,13682.0,13685.0,3138.9518277
2020-11-02,13836.0,13207.0,13594.5,13594.0,13594.0,13595.0,6572.8873475
2020-11-03,14066.0,13301.0,14000.5,14000.0,14000.0,14001.0,5681.21106185
2020-11-04,14245.0,13530.0,14119.5,14120.0,14119.0,14120.0,10092.14446424
2020-11-05,15723.55678179,14104.36241552,15531.5,15530.0,15531.0,15532.0,15825.85705974
2020-11-06,15888.0,15179.0,15569.5,15570.0,15569.0,15570.0,12077.0455565
2020-11-07,15740.0,14411.0,14865.5,14865.0,14865.0,14866.0,14287.04844542
2020-11-08,15650.0,14755.0,15530.5,15530.07775102,15530.0,15531.0,6455.04395865
2020-11-09,15844.0,14841.0,15315.5,15329.95580394,15315.0,15316.0,8908.95655195
2020-11-10,15474.0,15077.0,15298.5,15299.0,15298.0,15299.0,3730.65112942
2020-11-11,15981.0,15292.0,15720.5,15717.0,15720.0,15721.0,6927.44134776
2020-11-12,16325.0,15453.0,16282.5,16282.61125881,16282.0,16283.0,12265.20210472
2020-11-13,16481.0,15974.0,16317.5,16318.0,16317.0,16318.0,7697.32078221
2020-11-14,16315.0,15715.0,16073.5,16072.0,16072.0,16075.0,5088.2573297
2020-11-15,16151.0,15794.0,15991.5,15991.072746,15991.0,15992.0,2554.60004058
2020-11-16,16872.0,15874.0,16716.5,16716.0,16716.0,16717.0,6510.83997328
2020-11-17,17815.0,16535.0,17665.5,17665.0,17665.0,17666.0,12187.78754119
2020-11-18,18450.0,17119.0,17830.5,17832.0,17830.0,17831.0,17503.16502629
2020-11-19,18166.0,17344.0,17811.5,17812.0,17811.0,17812.0,5568.20158006
2020-11-20,18810.0,17753.0,18648.5,18649.0,18648.0,18649.0,7967.19084709
2020-11-21,18945.0,18323.0,18699.5,18690.81312868,18699.0,18700.0,6595.9900892
2020-11-22,18732.0,17645.0,18403.5,18403.0,18403.0,18404.0,9033.08272423
2020-11-23,18724.0,18003.0,18319.5,18322.071504,18319.0,18320.0,8743.60715513
2020-11-24,19400.0,18130.0,19103.5,19104.0,19103.0,19104.0,14918.90554612
2020-11-25,19497.0,18500.0,18807.5,18808.0,18807.0,18808.0,13436.93649418
2020-11-26,18908.0,16317.0,17130.5,17131.0,17130.0,17131.0,34242.75406641
2020-11-27,17531.0,16501.0,17119.5,17120.0,17119.0,17120.0,11165.14592868
2020-11-28,17910.0,16925.0,17696.5,17696.78580432,17696.0,17697.0,5742.6196201
2020-11-29,18344.0,17556.0,18175.5,18175.0,18175.0,18176.0,3976.08238721
2020-11-30,19844.0,18196.0,19728.5,19728.2444013,19728.0,19729.0,14834.88935646
2020-12-01,19956.0,18279.0,18903.0,18904.320512,18902.0,18904.0,21921.76453097
2020-12-02,19344.0,18361.0,19252.0,19248.596217,19251.0,19253.0,7627.90409311
2020-12-03,19628.0,18900.0,19461.5,19461.0,19461.0,19462.0,5247.85241352
2020-12-04,19550.0,18600.0,18688.5,18688.0,18688.0,18689.0,8604.47563114
2020-12-05,19182.0,18498.0,19142.5,19143.0,19142.0,19143.0,3641.96141683
2020-12-06,19463.0,18905.0,19347.5,19348.0,19347.0,19348.0,4301.27855491
2020-12-07,19460.0,18925.0,19208.5,19207.94799,19208.0,19209.0,2284.57130626
2020-12-08,19322.0,18271.0,18340.5,18340.0,18340.0,18341.0,9479.34345198
2020-12-09,18630.0,17742.0,18561.5,18561.0,18561.0,18562.0,9741.68876609
2020-12-10,18568.0,17935.0,18294.5,18295.0,18294.0,18295.0,3619.13496882
2020-12-11,18299.0,17629.0,18105.5,18102.0,18105.0,18106.0,6557.13225221
2020-12-12,18944.0,18049.91181686,18806.0,18808.0,18805.0,18807.0,3680.81597482
2020-12-13,19416.0,18720.6972317,19179.5,19180.0,19179.0,19180.0,4826.07743177
2020-12-14,19350.0,19008.31354812,19278.5,19283.21121125,19277.0,19280.0,2508.16844263
2020-12-15,19607.0,19070.0,19468.5,19468.70386284,19468.0,19469.0,6925.60170859
2020-12-16,21444.0,19317.800536,21340.5,21342.0,21339.0,21342.0,20988.25503541
2020-12-17,23630.0,21197.0,22799.0,22794.0,22797.0,22801.0,22841.63166852
2020-12-18,23287.0,22362.0,23064.5,23065.0,23064.0,23065.0,7189.42537367
2020-12-19,24123.0,22768.0,23830.5,23827.0,23827.0,23834.0,9643.54745187
2020-12-20,24244.0,23101.0,23486.5,23485.674722,23485.0,23488.0,9581.09076454
2020-12-21,24077.0,21884.0,22849.5,22850.0,22849.0,22850.0,14117.60129928
2020-12-22,23790.0,22348.0,23726.5,23727.0,23726.0,23727.0,7311.00351475
2020-12-23,24144.0,22655.0,23254.5,23259.0,23253.0,23256.0,12012.10029812
2020-12-24,23764.0,22701.0,23750.5,23754.0,23750.0,23751.0,4705.32719918
2020-12-25,24802.0,22855.0,24711.5,24701.0,24710.0,24713.0,13734.54955108
2020-12-26,26723.0,24489.0,26410.5,26411.0,26410.0,26411.0,13135.13805421
2020-12-27,28244.0,25813.0,26385.0,26381.0,26384.0,26386.0,17874.3719872
2020-12-28,27442.0,26068.0657198,27093.5,27094.0,27093.0,27094.0,7588.07003705
2020-12-29,27228.0,25859.0,27227.5,27228.0,27227.0,27228.0,8583.8177528
2020-12-30,28977.0,27312.0,28808.0,28805.0,28805.0,28811.0,10498.33298013
2020-12-31,29286.0,27557.0,28948.5,28948.0,28948.0,28949.0,12179.99211327
2021-01-01,29620.0,28716.0,29310.5,29311.114,29308.0,29313.0,8327.3477024
2021-01-02,33292.0,29000.0,31996.0,32000.0,31994.0,31998.0,21944.78629434
2021-01-03,34873.0,31975.0,33205.5,33205.0,33204.0,33207.0,18668.52098698
2021-01-04,33593.61627648,28540.0,31916.5,31928.0,31914.0,31919.0,24655.39367418
2021-01-05,34493.0,29861.0,34056.0,34055.0,34055.0,34057.0,14444.03440603
2021-01-06,36828.0,33335.0,36813.5,36814.0,36813.0,36814.0,18422.86794569
2021-01-07,40383.3509214,36123.590728,39115.5,39117.0,39105.0,39126.0,21945.74523501
2021-01-08,41969.0,36555.0,40589.0,40588.0,40584.0,40594.0,21663.64646251
2021-01-09,41399.0,38700.0,40300.5,40300.0,40300.0,40301.0,8107.48095943
2021-01-10,41399.0,35260.0,38483.0,38487.947452,38477.0,38489.0,18984.25870289
2021-01-11,38277.0,30635.0,35475.0,35460.0,35467.0,35483.0,47781.79854705
2021-01-12,36656.0,32427.0,33907.5,33909.0,33907.0,33908.0,22068.946221
2021-01-13,37776.0,32436.0,37204.5,37199.0,37204.0,37205.0,14813.39376646
2021-01-14,40001.0,36666.0,39140.0,39141.0,39139.0,39141.0,12873.09479908
2021-01-15,39701.0,34500.0,36800.5,36800.1894384,36800.0,36801.0,15499.02224442
2021-01-16,37997.0,35418.0,36244.5,36244.0,36244.0,36245.0,10775.54666466
2021-01-17,36928.0,33868.0,36028.5,36032.0,36013.0,36044.0,9753.90756411
2021-01-18,37555.0,34842.0,36740.0,36733.0,36733.0,36747.0,8387.48171162
2021-01-19,37936.5743351,36114.0,36325.5,36325.0,36325.0,36326.0,9473.82567601
2021-01-20,36422.0,33303.0,35623.5,35635.0,35615.0,35632.0,14099.0528966
2021-01-21,35616.0,30196.0,31152.0,31150.0,31150.0,31154.0,22141.00414279
2021-01-22,33850.0,28989.0,32978.5,32988.0,32970.0,32987.0,15658.38811991
2021-01-23,33554.0,31439.4275088,32064.5,32063.97933315,32064.0,32065.0,7057.17825873
2021-01-24,33174.0,31011.0,32396.0,32400.0,32391.0,32401.0,5857.13845255
2021-01-25,34918.0,31966.0,32426.0,32438.0,32418.0,32434.0,9171.91796273
2021-01-26,32971.0,30867.0338669,32600.5,32607.221115,32594.0,32607.0,8529.19086655
2021-01-27,32596.0,29283.0,30280.5,30280.0,30280.0,30281.0,14698.01280885
2021-01-28,33800.0,29918.0,33309.5,33309.0,33309.0,33310.0,9035.88877595
2021-01-29,38710.69632264,31987.0,34277.5,34273.0,34275.0,34280.0,28606.74730725
2021-01-30,34929.0,32827.0,34365.5,34365.930096,34365.0,34366.0,7248.45614093
2021-01-31,34407.005674,32228.0,33157.5,33147.0,33157.0,33158.0,5798.87248543
2021-02-01,34707.0,32333.0,33552.5,33548.0,33548.0,33557.0,5296.64150991
2021-02-02,36053.96796779,33500.0,35697.5,35705.0,35694.0,35701.0,6997.49602256
2021-02-03,37649.01607425,35471.0,37472.5,37473.0,37472.0,37473.0,8775.04640455
2021-02-04,38750.0,36222.0,36887.5,36902.0,36881.0,36894.0,6373.6347704
2021-02-05,38366.0,36571.55235544,37921.5,37921.0,37921.0,37922.0,4391.53123072
2021-02-06,40985.0,38205.0,39241.0,39245.0,39236.0,39246.0,10158.63465118
2021-02-07,39725.7155421,37350.0,38990.5,38990.0,38990.0,38991.0,7611.55995225
2021-02-08,46666.0,37947.0,46138.0,46118.0,46131.0,46145.0,24366.91393128
2021-02-09,48277.0,45060.0,46575.5,46572.0,46575.0,46576.0,15866.09693913
2021-02-10,47383.0,43777.0,44942.0,44947.0,44937.0,44947.0,10003.17673094
2021-02-11,48598.0,43917.41935602,47792.5,47794.0,47788.0,47797.0,10211.08496283
2021-02-12,48945.0,45851.95356552,47466.5,47467.0,47466.0,47467.0,10776.11050199
2021-02-13,48209.0,46255.0,47100.5,47100.0,47100.0,47101.0,5217.97171562
2021-02-14,49659.0,47030.0,48778.5,48782.0,48773.0,48784.0,7324.17173275
2021-02-15,48959.0,45730.50181348,47918.5,47931.0,47918.0,47919.0,9799.31533869
2021-02-16,50490.0,47046.0,49192.5,49192.0,49192.0,49193.0,13019.40694015
2021-02-17,52577.0,49000.0,52109.5,52109.0,52109.0,52110.0,9119.04058945
2021-02-18,52539.0,50863.0,51598.5,51599.0,51598.0,51599.0,5835.97562974
2021-02-19,56342.0,50755.0,55699.5,55699.0,55699.0,55700.0,11747.31476127
2021-02-20,57485.0,54000.0,55799.5,55800.0,55799.0,55800.0,11552.2023412
2021-02-21,58321.24403166,55386.0,57357.5,57357.0,57357.0,57358.0,6682.16255408
2021-02-22,57449.0,48255.0,53924.0,53923.0,53923.0,53925.0,27254.08405216
2021-02-23,54138.0,45000.0,48406.0,48429.0,48405.0,48407.0,32570.43490472
2021-02-24,51354.46137096,46902.0,49708.5,49725.0,49703.0,49714.0,11981.17634021
2021-02-25,52189.0,47083.0,47176.0,47147.0,47161.0,47191.0,9288.16001465
2021-02-26,48441.0,44027.0,46143.5,46143.0,46143.0,46144.0,22286.91592761
2021-02-27,48407.0,45100.0,46086.5,46083.0,46083.0,46090.0,7444.89725693
2021-02-28,46703.0,43171.0,45097.5,45109.18815,45088.0,45107.0,13452.96730874
2021-03-01,49743.0,45100.0,49623.5,49620.0,49623.0,49624.0,9397.07324004
2021-03-02,50148.0,47158.0,48400.5,48399.0,48399.0,48402.0,8355.70716358
2021-03-03,52567.0,48183.35073552,50805.5,50804.0,50805.0,50806.0,8583.354265
2021-03-04,51777.0,47603.0,48472.0,48495.03736466,48466.0,48478.0,9552.97730612
2021-03-05,49489.0,46417.0,48890.5,48888.0,48890.0,48891.0,9384.00428162
2021-03-06,49238.0,47159.0,48894.0,48896.0,48891.0,48897.0,4193.78975255
2021-03-08,52283.46065832,49369.0,52283.5,52283.46065832,52283.0,52284.0,5916.00430602
2021-03-09,54950.0,51993.0,54728.5,54729.0,54728.0,54729.0,8170.82060478
2021-03-10,57444.0,53155.0,56226.5,56227.0,56226.0,56227.0,10659.62281795
2021-03-11,58266.0,54401.0,57899.5,57885.0,57891.0,57908.0,8634.95779162
2021-03-12,58159.0,55183.0,57375.0,57371.0,57371.0,57379.0,9501.60161875
2021-03-13,61693.0,56130.0,61265.0,61264.0,61264.0,61266.0,13672.7744553
2021-03-14,61699.0,59270.0,59531.5,59519.0,59527.0,59536.0,6407.10922373
2021-03-15,60734.0,54566.0,56108.5,56100.0,56100.0,56117.0,15430.64069259
2021-03-16,56777.0,53346.0,56419.5,56420.0,56419.0,56420.0,10572.81259089
2021-03-17,59128.0,54001.0,58500.5,58500.0,58500.0,58501.0,11020.34491777
2021-03-18,60190.0,57005.0,57836.5,57844.0,57829.0,57844.0,7132.23791286
2021-03-19,59480.0,56277.0,58343.0,58338.0,58342.0,58344.0,6694.42386646
2021-03-20,60000.0,57800.0,58366.0,58371.0,58362.0,58370.0,6709.20695302
2021-03-21,58584.0,55357.0,57697.5,57685.0,57691.0,57704.0,8356.67443511
2021-03-22,58525.0,53700.0,54423.5,54423.0,54423.0,54424.0,8509.19285814
2021-03-23,55822.3340788,52812.0,54666.5,54666.0,54666.0,54667.0,6766.27461142
2021-03-24,57212.0,51522.0,52439.0,52435.0,52438.0,52440.0,13228.1419205
2021-03-25,53116.0,50350.0,51833.5,51861.0,51824.0,51843.0,12002.78341928
2021-03-26,54745.0,51300.0,54454.5,54454.0,54454.0,54455.0,7622.67010449
2021-03-27,56655.0,54010.0,56326.0,56324.0,56321.0,56331.0,5323.21464061
2021-03-28,56609.0,54800.0,55497.5,55498.0,55497.0,55498.0,4243.40658696
2021-03-29,58492.0,54831.0,57754.5,57760.03864647,57754.0,57755.0,10040.8577613
2021-03-30,59523.0,57135.0,58700.5,58701.0,58700.0,58701.0,7904.43557121
2021-03-31,59899.0,56826.0,58800.0,58800.0,58799.0,58801.0,8006.66707184
2021-04-01,59483.0,57955.0,58897.5,58911.0,58895.0,58900.0,4425.96436917
2021-04-02,60190.0,58327.9868938,58824.5,58825.0,58824.0,58825.0,6104.00005886
2021-04-03,59841.0,57120.0,57532.5,57526.0,57531.0,57534.0,6144.14712187
2021-04-04,58480.0,56500.0,58124.5,58124.0,58124.0,58125.0,5477.16956015
2021-04-05,59250.0,56850.0,58895.5,58895.0,58895.0,58896.0,5428.59523399
2021-04-06,59499.0,57401.0,57930.5,57926.0,57929.0,57932.0,5755.31018301
2021-04-07,58639.0,55555.0,56514.0,56511.0,56511.0,56517.0,8742.59230006
2021-04-08,58155.0,55714.0,57861.5,57861.0,57861.0,57862.0,4582.48478498
2021-04-09,58880.0,57713.0,58126.5,58126.0,58126.0,58127.0,3679.74469386
2021-04-10,61243.0,57900.0,59278.5,59279.0,59278.0,59279.0,9675.62505395
2021-04-11,60722.0,59078.0,60100.5,60100.0,60100.0,60101.0,4574.35914191
2021-04-12,61338.0,59492.0,60010.5,60010.0,60010.0,60011.0,5531.99113112
2021-04-13,63476.0,59859.0,63196.0,63200.0,63195.0,63197.0,10592.57161231
2021-04-14,64829.0,61306.0,62831.5,62832.0,62831.0,62832.0,11315.46887928
2021-04-15,63845.0,62000.0,63332.5,63332.0,63332.0,63333.0,6751.41342023
2021-04-16,63520.0,60005.0,61744.5,61741.0,61741.0,61748.0,11516.95370397
2021-04-17,62450.0,59662.0,60509.5,60509.0,60509.0,60510.0,7002.94686783
2021-04-18,60737.0,50500.0,56602.5,56602.25981852,56602.0,56603.0,26280.96945357
2021-04-19,57500.0,54256.0,55938.5,55924.0,55938.0,55939.0,8428.47558519
2021-04-20,57099.0,53337.0,56301.5,56301.0,56301.0,56302.0,8544.37085044
2021-04-21,56790.0,53807.0,54193.5,54198.0,54193.0,54194.0,6656.21968092
2021-04-22,55500.0,50575.0,51527.5,51531.0,51527.0,51528.0,12770.42392046
2021-04-23,52250.0,47560.0,50647.0,50652.0,50642.0,50652.0,17117.41144827
2021-04-24,51201.0,48852.0,50838.5,50838.02848208,50838.0,50839.0,6049.31949017
2021-04-25,50671.0,47112.0,48658.5,48677.0,48649.0,48668.0,9160.98056473
2021-04-26,54387.0,48564.68980279,53721.5,53721.263134,53721.0,53722.0,11341.36658145
2021-04-27,55437.0,53304.0,54926.0,54937.0,54919.0,54933.0,7419.7064954200005
2021-04-28,56432.0,53917.0,54543.5,54557.0,54543.0,54544.0,5720.58406771
2021-04-29,55222.0,52377.0,53342.5,53334.0,53340.0,53345.0,7050.92737073
2021-04-30,57342.0,53068.0,57072.0,57076.0,57067.0,57077.0,7338.38875756
2021-05-01,58326.0,57000.0,57564.5,57564.0,57564.0,57565.0,4821.77333985
2021-05-02,57910.0,56050.0,56286.0,56285.0,56285.0,56287.0,4147.83854976
2021-05-03,58945.0,56375.0,57229.5,57230.0,57229.0,57230.0,7419.62518541
2021-05-04,57426.0,53321.0,53955.5,53955.0,53955.0,53956.0,9521.33224309
2021-05-05,57898.0,52960.0,57394.5,57397.0,57393.0,57396.0,8129.26134439
2021-05-06,58343.0,55282.0,56426.5,56426.0,56426.0,56427.0,10379.15856898
2021-05-07,58635.0,55300.0,56950.0,56960.8923737,56948.0,56952.0,6972.60127464
2021-05-08,59450.0,56939.0,58659.5,58659.0,58659.0,58660.0,7609.16187821
2021-05-09,59236.51695169,56255.0,58029.5,58029.0,58029.0,58030.0,8304.61304862
2021-05-10,59589.77113765,53844.0,55952.5,55953.0,55952.0,55953.0,13488.76058159
2021-05-11,56870.0,54138.73738416,56471.5,56472.0,56471.0,56472.0,7796.8454499
2021-05-12,58000.0,51653.02979982,52576.0,52580.0,52575.0,52577.0,12058.28205902
2021-05-13,52882.0,46601.04807999,49475.0,49471.0,49471.0,49479.0,23642.24704204
2021-05-14,51512.0,48488.0,49963.5,49955.0,49963.0,49964.0,6173.56486362
2021-05-15,50737.0,46984.0,48200.5,48213.53035729,48200.0,48201.0,9092.73654086
2021-05-16,49870.0,44021.0,45788.5,45788.38294596,45788.0,45789.0,18836.81275908
2021-05-17,46796.0,42128.0,42931.0,42930.0,42930.0,42932.0,37499.22854647
2021-05-18,45800.0,42444.0,43158.5,43159.0,43158.0,43159.0,10697.79464358
2021-05-19,43600.0,29563.0,39517.0,39511.0,39514.0,39520.0,67172.17296696
2021-05-20,42300.0,34985.0,39951.5,39954.0,39949.0,39954.0,25443.60212469
2021-05-21,42298.12038263,33552.0,36780.5,36795.0,36772.0,36789.0,23231.77339274
2021-05-22,38956.0,35372.0,37682.0,37677.0,37675.0,37689.0,13983.80841533
2021-05-23,38384.0,31230.0,34028.5,34015.47186355,34020.0,34037.0,25664.61219176
2021-05-24,39966.0,33911.80131251,38356.5,38349.0,38351.0,38362.0,15250.16213094
2021-05-25,39829.42639126,36455.0,38642.0,38663.57915565,38641.0,38643.0,7974.68521495
2021-05-26,40884.0,37851.57741397,38939.0,38932.39142434,38937.0,38941.0,8544.09497079
2021-05-27,40500.0,37221.0,38650.0,38642.0,38646.0,38654.0,5499.51266377
2021-05-28,38889.0,34721.0,34958.0,34956.0,34953.0,34963.0,10042.79143239
2021-05-29,37381.0,33617.0,34393.0,34411.0,34389.0,34397.0,7383.55574071
2021-05-30,36419.0,33367.0,35763.5,35766.0,35760.0,35767.0,6508.99751049
2021-05-31,37444.0,34160.0,36984.0,36996.0,36978.0,36990.0,5891.15383364
2021-06-01,37888.0,35659.0,36299.5,36299.09930157,36299.0,36300.0,5364.83186376
2021-06-02,38222.0,35933.0,37468.5,37467.0,37463.0,37474.0,4003.04615103
2021-06-03,39482.0,37179.0,38977.5,38977.14668646,38977.0,38978.0,5410.09204877
2021-06-04,39275.0,35586.0,37179.5,37179.0,37179.0,37180.0,6032.0645307
2021-06-05,37924.0,34822.56648447,35085.5,35085.0,35085.0,35086.0,6576.60306077
2021-06-06,36475.0,35089.0,35358.0,35361.27269334,35357.0,35359.0,5923.34732826
2021-06-07,36784.0,33550.0,34124.5,34124.0,34124.0,34125.0,9817.04592625
2021-06-08,34175.0,31075.0,33437.5,33438.0,33437.0,33438.0,13414.67917527
2021-06-09,37209.0,32469.0,37083.5,37077.0,37083.0,37084.0,26641.46843206
2021-06-10,38337.0,35816.0,36726.0,36736.0,36723.0,36729.0,9870.16665336
2021-06-11,37650.0,35929.0,37454.0,37450.0,37451.0,37457.0,6258.40148294
2021-06-12,37461.34593121,34630.0,35621.5,35622.0,35621.0,35622.0,7552.95982928
2021-06-13,39374.0,34800.0,38821.5,38818.19015958,38819.0,38824.0,8286.04642937
2021-06-14,40980.0,38730.0,40234.5,40237.57962233,40231.0,40238.0,10141.9143256
2021-06-15,41273.0,39445.88757188,40150.5,40150.0,40150.0,40151.0,7851.82488073
2021-06-16,40460.0,38255.0,38573.5,38574.98425645,38573.0,38574.0,6660.40200569
2021-06-17,39519.0,37387.0,37833.5,37839.0,37829.0,37838.0,3664.85666029
2021-06-18,38204.0,35137.0,35479.0,35473.0,35475.0,35483.0,11149.38856429
2021-06-19,36447.0,34819.0,35678.5,35680.0,35677.0,35680.0,11678.28962023
2021-06-20,36226.37661535,33411.0,35720.0,35712.0,35717.0,35723.0,16983.7170717
2021-06-21,35832.0,31368.0,31710.0,31695.72768548,31708.0,31712.0,22437.67018152
2021-06-22,33368.0,29247.0,32385.5,32394.0,32383.0,32388.0,27469.21824772
2021-06-23,34778.0,31790.0,33444.5,33467.0,33443.0,33446.0,9220.33817457
2021-06-24,35290.0,32343.0,34700.0,34713.0,34697.0,34703.0,4917.75768175
2021-06-25,35495.0,31323.0,31372.5,31372.0,31372.0,31373.0,37327.39182412
2021-06-26,32661.0,30206.0,31845.5,31846.0,31845.0,31846.0,19009.74539597
2021-06-27,34380.0,31799.0,34247.5,34265.39695127,34243.0,34252.0,29518.79408445
2021-06-28,35319.0,33897.0,34424.0,34428.48219863,34419.0,34429.0,6583.07606613
2021-06-29,36600.0,34151.0,36154.0,36142.0,36153.0,36155.0,5442.17128352
2021-06-30,36197.0,34428.0,34885.5,34888.36800874,34881.0,34890.0,3345.76983836
2021-07-01,35218.0,32720.0,33582.5,33588.84639428,33578.0,33587.0,5803.38519645
2021-07-02,33983.0,32700.0,33633.5,33634.0,33633.0,33634.0,5117.68541665
2021-07-03,34948.0,33350.0,34458.0,34457.59104513,34454.0,34462.0,2993.51458027
2021-07-04,35950.0,34356.0,35370.5,35370.0,35370.0,35371.0,2607.69698206
2021-07-05,35468.0,33126.0,34026.5,34026.38274026,34026.0,34027.0,7811.98682603
2021-07-06,35196.0,33555.0,34107.5,34107.88019104,34107.0,34108.0,8722.07952786
2021-07-07,35091.0,33989.0,34194.5,34198.0,34193.0,34196.0,3672.01166298
2021-07-08,34152.90231241,32063.0,32558.0,32562.0,32557.0,32559.0,14374.33389807
2021-07-09,34059.0,32237.0,33927.5,33927.95897072,33927.0,33928.0,6183.63132574
2021-07-10,34242.0,33011.0,33528.5,33529.0,33528.0,33529.0,6827.11648232
2021-07-11,34590.0,33316.0,34402.5,34406.0,34401.0,34404.0,2169.86049614
2021-07-12,34655.0,32600.0,33036.5,33036.0,33036.0,33037.0,8260.54614168
2021-07-13,33337.0,32190.0,32454.5,32456.0,32453.0,32456.0,4094.66027916
2021-07-14,33128.0,31588.0,33036.0,33034.0,33035.0,33037.0,5140.9268627
2021-07-15,33200.0,31150.0,31767.5,31767.0,31767.0,31768.0,6882.17856742
2021-07-16,32271.0,31044.0,31611.5,31611.10720834,31611.0,31612.0,4851.1264799
2021-07-17,32000.0,31210.0,31665.5,31665.0,31665.0,31666.0,13657.25585815
2021-07-18,32453.0,31111.0,31579.5,31578.0,31578.0,31581.0,12204.92035264
2021-07-19,31957.0,30500.0,30918.5,30919.0,30918.0,30919.0,13323.07875594
2021-07-20,31079.0,29313.0,29544.5,29544.62977015,29543.0,29546.0,9025.63949357
2021-07-21,32850.0,29523.0,32062.5,32060.0,32060.0,32065.0,8022.25823718
2021-07-22,32610.0,31735.0,32221.0,32227.0,32219.0,32223.0,5298.9523922
2021-07-23,33294.0,32020.0,33083.5,33083.0,33082.0,33085.0,3567.39717063
2021-07-24,34527.0,33115.59971701,34033.5,34034.0,34033.0,34034.0,2768.08665482
2021-07-25,34819.0,33886.0,34558.5,34557.0,34558.0,34559.0,2194.33291899
2021-07-26,40595.0,34611.0,37280.5,37279.0,37276.0,37285.0,16418.30610459
2021-07-27,39235.22676012,36418.0,39109.0,39108.0,39108.0,39110.0,5981.30211458
2021-07-28,40900.0,38731.0,39608.5,39608.0,39608.0,39609.0,7996.06029731
2021-07-29,40623.0,39272.0,39797.0,39798.0,39796.0,39798.0,3822.20234608
2021-07-30,41681.0,38343.0,41339.5,41348.0,41339.0,41340.0,6776.26920617
2021-07-31,42398.0,41051.0,41797.5,41797.0,41796.0,41799.0,6142.5652777
2021-08-01,42532.0,40055.0,40229.5,40228.0,40229.0,40230.0,8326.76642148
2021-08-02,40449.0,38716.0,39414.5,39415.0,39414.0,39415.0,5369.812448
2021-08-03,39781.0,37663.0,38267.5,38259.0,38267.0,38268.0,5200.86149573
2021-08-04,39965.0,37519.81411605,39687.5,39660.0,39687.0,39688.0,3634.20013757
2021-08-05,41352.0,37318.0,41022.5,41029.0,41022.0,41023.0,6259.25436068
2021-08-06,43385.0,39900.0,42633.0,42628.0,42632.0,42634.0,6587.66538424
2021-08-07,44553.0,42380.0,44016.5,44000.0,44015.0,44018.0,9083.01734832
2021-08-08,45250.0,43300.0,44302.0,44298.0,44298.0,44306.0,7824.82452734
2021-08-09,46438.0,42790.0,46254.5,46254.0,46254.0,46255.0,11074.24990168
2021-08-10,46695.0,44635.0,45614.5,45615.0,45614.0,45615.0,6100.12658848
2021-08-11,46727.0,45241.0,45701.5,45700.0,45701.0,45702.0,4357.31615489
2021-08-12,46186.0,43786.0,43951.5,43955.0,43951.0,43952.0,5879.63196459
2021-08-13,47967.0,43980.0,47628.5,47632.0,47628.0,47629.0,7389.84093215
2021-08-14,48141.0,45935.0,46945.5,46946.0,46945.0,46946.0,4399.57322832
2021-08-15,47369.0,45471.0,47225.5,47218.0,47225.0,47226.0,3755.54437068
2021-08-16,48069.0,45689.0,46074.5,46068.9414608,46074.0,46075.0,5939.62595614
2021-08-17,47167.0,44441.0,44899.5,44900.0,44899.0,44900.0,6984.10263744
2021-08-18,46010.0,44266.0,44790.5,44792.0,44790.0,44791.0,5672.42456962
2021-08-19,46875.0,43992.0,46445.5,46446.0,46445.0,46446.0,5938.98746849
2021-08-20,49400.0,46555.0,49082.5,49082.0,49082.0,49083.0,6045.71700276
2021-08-21,49788.0,48219.0,49352.5,49352.0,49352.0,49353.0,4023.85225174
2021-08-22,49469.0,48075.0,49077.5,49079.0,49077.0,49078.0,2584.83273575
2021-08-23,50558.0,49055.0,49634.5,49634.0,49634.0,49635.0,5551.77417354
2021-08-24,49860.0,47765.0,48202.5,48206.0,48202.0,48203.0,4440.91046973
2021-08-25,49255.0,47142.96628448,48837.5,48837.0,48837.0,48838.0,4423.72471027
2021-08-26,49385.0,46310.0,47255.5,47255.35815582,47255.0,47256.0,6439.494019
2021-08-27,49159.0,46363.0,48987.5,48987.14211391,48987.0,48988.0,5753.92944721
2021-08-28,49310.0,48385.91723403,48809.5,48818.8084757,48805.0,48814.0,2394.47066267
2021-08-29,49650.0,47760.0,49156.5,49156.0,49156.0,49157.0,3903.47825993
2021-08-30,49303.5759517,47417.0,47765.5,47766.0,47765.0,47766.0,3417.06874063
2021-08-31,48244.0,46725.0,47056.5,47057.0,47056.0,47057.0,4959.14711793
2021-09-01,49139.0,46590.0,48430.5,48431.0,48430.0,48431.0,5657.36389129
2021-09-02,50365.0,48411.77483216,49701.5,49702.0,49701.0,49702.0,5043.52491415
2021-09-03,51142.0,48332.0,49754.5,49762.0,49754.0,49755.0,7243.76339199
2021-09-04,50544.0,49401.0,49969.5,49969.6922478,49969.0,49970.0,2374.7115724
2021-09-05,51888.0,49470.0,51774.5,51775.0,51774.0,51775.0,5247.21538428
2021-09-06,52624.0,51050.0,52505.5,52505.42929973,52505.0,52506.0,4740.88924728
2021-09-07,52888.0,43220.0,46849.0,46849.36794365,46848.0,46850.0,16860.51160238
2021-09-08,47351.0,44472.0,46669.5,46653.0,46667.0,46672.0,7637.242675
2021-09-09,47398.57959466,45546.0,46488.5,46488.0,46488.0,46489.0,3910.95295801
2021-09-10,47044.0,44155.0,44748.0,44747.0,44747.0,44749.0,5114.23707823
2021-09-11,45990.0,44271.0,45171.5,45194.0,45171.0,45172.0,2492.93199434
2021-09-12,46245.0,44774.17967564,45544.5,45544.86044058,45544.0,45545.0,3164.91146337
2021-09-13,46874.0,43444.0,45005.0,45000.0,45004.0,45006.0,8972.55727052
2021-09-14,47238.51708787,44699.0,47092.5,47092.0,47092.0,47093.0,3503.4421497
2021-09-15,48429.0,46724.0,48137.5,48136.0,48137.0,48138.0,3825.09531549
2021-09-16,48530.0,47061.0,47595.5,47595.0,47595.0,47596.0,3696.30785404
2021-09-17,48183.0,46771.0,47153.5,47153.0,47153.0,47154.0,2483.08723179
2021-09-18,48819.0,46931.0,47963.5,47963.62156768,47963.0,47964.0,2031.22873125
2021-09-19,48370.29414611,46837.0,47111.5,47126.0,47111.0,47112.0,2306.76852821
2021-09-20,47365.0,42567.0,43542.5,43515.0,43542.0,43543.0,12063.43249475
2021-09-21,43630.0,39678.0,40960.5,40945.0,40960.0,40961.0,14563.8855348
2021-09-22,44000.0,40222.0,43500.5,43494.0,43500.0,43501.0,8928.78944024
2021-09-23,44953.0,43102.0,44778.5,44782.0,44778.0,44779.0,5276.49570432
2021-09-24,45164.4867643,40755.0,42991.5,42982.33181548,42991.0,42992.0,11694.22678227
2021-09-25,43071.0,41728.0,42770.5,42771.0,42770.0,42771.0,3041.37515508
2021-09-26,43963.0,40800.0,43472.5,43476.0,43472.0,43473.0,5193.02451562
2021-09-27,44355.99143738,42620.0,43112.5,43111.0,43110.0,43115.0,4184.93641007
2021-09-28,43249.0,41158.0,41735.0,41730.0,41733.0,41737.0,5509.99106243
2021-09-29,42606.0,40804.0,41396.5,41400.84614868,41394.0,41399.0,5259.99427184
2021-09-30,44122.0,41189.0,43728.0,43729.0,43726.0,43730.0,5161.5741494
2021-10-01,48464.0,43311.0,47990.5,47991.0,47990.0,47991.0,8280.79611995
2021-10-02,48350.0,47438.0,48148.5,48147.0,48148.0,48149.0,1931.2801141
2021-10-03,49196.0,47120.0,48036.5,48039.0,48036.0,48037.0,3422.31484874
2021-10-04,49503.0,46897.0,48827.5,48828.0,48827.0,48828.0,6358.37024259
2021-10-05,51922.0,48909.0,51361.5,51362.0,51361.0,51362.0,6712.17746341
2021-10-06,55555.0,50438.0,55120.5,55121.35366888,55120.0,55121.0,10197.07809737
2021-10-07,55743.0,53429.0,53908.5,53907.0,53908.0,53909.0,5283.88622837
2021-10-08,56000.0,53628.0,54175.5,54175.0,54175.0,54176.0,5489.84545995
2021-10-09,55475.0,53678.0,54890.5,54882.0,54890.0,54891.0,2429.96401782
2021-10-10,56450.0,54114.0,54840.5,54830.0,54840.0,54841.0,5642.55170139
2021-10-11,57821.0,54363.0,57237.5,57235.36061439,57237.0,57238.0,7699.4106106
2021-10-12,57661.0,53837.51997218,56264.0,56258.0,56263.0,56265.0,5897.25622136
2021-10-13,57775.0,54300.0,57487.5,57487.0,57487.0,57488.0,3078.95343798
2021-10-14,58488.0,56855.0,57572.5,57570.0,57571.0,57574.0,4631.65092795
2021-10-15,62900.0,56881.0,61382.5,61394.0,61382.0,61383.0,11752.8893687
2021-10-16,62333.0,60171.0,60922.5,60921.0,60922.0,60923.0,4380.24730986
2021-10-17,61475.0,59019.0,61104.5,61104.0,61104.0,61105.0,4846.59660168
2021-10-18,62682.0,59883.0,61828.5,61825.0,61827.0,61830.0,8747.14951821
2021-10-19,64291.0,61368.0,63905.5,63905.0,63905.0,63906.0,8952.16280533
2021-10-20,66958.0,63535.0,65952.5,65949.71966598,65952.0,65953.0,9385.87735753
2021-10-21,66643.0,61855.0,62534.5,62534.0,62534.0,62535.0,13338.56478536
2021-10-22,63729.0,60013.0,60741.5,60742.0,60741.0,60742.0,6403.54385861
2021-10-23,61764.0,59755.0,61031.5,61034.67920156,61031.0,61032.0,2730.0923265
2021-10-24,61476.0,59533.0,60964.5,60965.0,60964.0,60965.0,2886.00426308
2021-10-25,63666.0,60632.0,62999.5,62988.0,62999.0,63000.0,3695.6142324
2021-10-26,63332.60744575,59830.0,60137.5,60138.0,60137.0,60138.0,4505.84125378
2021-10-27,61450.0,57950.0,58518.0,58517.0,58517.0,58519.0,7184.5922646
2021-10-28,62444.0,57606.0,60599.5,60600.0,60599.0,60600.0,7949.43841657
2021-10-29,62980.0,60188.0,62292.5,62295.0,62292.0,62293.0,4041.75045031
2021-10-30,62409.0,60755.0,61407.5,61408.0,61407.0,61408.0,2185.60669702
2021-10-31,62415.0,60005.0,61407.5,61412.39772732,61403.0,61412.0,2442.14622415
2021-11-01,62491.21298363,59522.0,61138.5,61140.0,61138.0,61139.0,4828.33061599
2021-11-02,64313.0,60661.0,63033.5,63034.0,63033.0,63034.0,5003.41395805
2021-11-03,63565.0,60175.0,62859.5,62859.0,62859.0,62860.0,4893.99784713
2021-11-04,63070.60120625,60700.0,61217.5,61218.0,61217.0,61218.0,2885.71528678
2021-11-05,62600.0,60735.0,61146.5,61148.05384448,61146.0,61147.0,2313.03891569
2021-11-06,61583.0,60100.0,61379.0,61378.0,61376.0,61382.0,2910.76264537
2021-11-07,63079.0,61302.0,62912.5,62912.13422982,62912.0,62913.0,3167.92588218
2021-11-08,67665.0,63277.0,67522.5,67524.0,67522.0,67523.0,8941.35561727
2021-11-09,68444.0,66326.0,67011.5,67011.0,67011.0,67012.0,6332.69845538
2021-11-10,68958.0,62866.0,64752.5,64761.0,64751.0,64754.0,12199.75727214
2021-11-11,65541.0,64079.0,64865.5,64861.0,64865.0,64866.0,2828.86386363
2021-11-12,65421.0,62255.0,64027.5,64027.43218356,64027.0,64028.0,5086.91330039
2021-11-13,64988.98628182,63405.0,64512.5,64511.0,64511.0,64514.0,1851.3568428400001
2021-11-14,65311.0,63564.0,65148.5,65147.0,65147.0,65150.0,2062.90260859
2021-11-15,66343.87555372,63351.0,63724.0,63711.0,63718.0,63730.0,5227.23795928
2021-11-16,63561.99202931,58625.68734157,60192.5,60189.0,60192.0,60193.0,12996.95355896
2021-11-17,60851.0,58368.0,60308.5,60308.07122152,60308.0,60309.0,6694.19863862
2021-11-18,60945.0,56555.0,56895.5,56895.0,56895.0,56896.0,11508.71358305
2021-11-19,58379.0,55653.0,58016.5,58020.0,58015.0,58018.0,5174.32301026
2021-11-20,59874.0,57450.0,59868.5,59865.0,59868.0,59869.0,3084.70846086
2021-11-21,60050.0,58603.0,59011.5,59015.0,59008.0,59015.0,2360.95645452
2021-11-22,59456.0,55714.0,56426.5,56427.0,56426.0,56427.0,8809.15596413
2021-11-23,57869.0,55453.0,57704.0,57693.0,57702.0,57706.0,8545.77946537
2021-11-24,57762.0,55894.51623388,57200.5,57200.0,57200.0,57201.0,4884.38044831
2021-11-25,59423.42625193,57067.0,58968.5,58970.0,58966.0,58971.0,3975.7687449
2021-11-26,59238.0,53555.0,53831.5,53831.0,53831.0,53832.0,12104.13150826
2021-11-27,55329.0,53711.0,54450.5,54442.0,54450.0,54451.0,3062.51384455
2021-11-28,57469.0,53458.0,57190.5,57186.0,57190.0,57191.0,4892.48825941
2021-11-29,58888.0,56764.0,57814.5,57815.40320895,57814.0,57815.0,5054.61927536
2021-11-30,59174.0,55899.0,56920.5,56916.0,56920.0,56921.0,6453.4188989
2021-12-01,59055.0,56505.0,57148.5,57141.0,57148.0,57149.0,5175.51880866
2021-12-02,57390.0,55842.0,56553.5,56552.0,56553.0,56554.0,4387.99524572
2021-12-03,57599.0,51333.0,53810.0,53812.0,53809.0,53811.0,10670.92188792
2021-12-04,53879.0,41634.0,49031.0,49009.0,49030.0,49032.0,22436.10554017
2021-12-05,49769.0,47860.0,49228.0,49229.0,49227.0,49229.0,4777.64251965
2021-12-06,50988.0,47167.0,50356.5,50356.0,50356.0,50357.0,8032.96931845
2021-12-07,51970.0,50095.0,50612.5,50613.0,50612.0,50613.0,3900.63334584
2021-12-08,51275.0,48726.0,50432.5,50431.0,50432.0,50433.0,4024.50424855
2021-12-09,50844.0,47408.0,47985.5,47987.0,47984.0,47987.0,5223.36037746
2021-12-10,50212.0,47337.0,47562.0,47575.0,47557.0,47567.0,7495.85028858
2021-12-11,49522.0,46872.0,49178.5,49179.0,49178.0,49179.0,5262.65622291
2021-12-12,50800.0,48690.0,50073.5,50055.69257698,50073.0,50074.0,3851.1077310699998
2021-12-13,50234.0,45788.0,46778.5,46786.0,46778.0,46779.0,8694.0740122
2021-12-14,48684.0,46356.20997454,48257.0,48244.0,48256.0,48258.0,5433.2827704
2021-12-15,49520.0,46600.0,48781.5,48782.0,48781.0,48782.0,6962.66587972
2021-12-16,49480.0,47543.0,47701.5,47703.82693622,47699.0,47704.0,3517.08063582
2021-12-17,48038.0,45539.0,46323.5,46320.24546699,46320.0,46327.0,5840.5251138
2021-12-18,47483.0,45523.0,46973.5,46983.0,46973.0,46974.0,3718.06782045
2021-12-19,48364.0,46458.0,46882.5,46901.0,46882.0,46883.0,5192.32277526
2021-12-20,47541.0,45600.0,46979.5,46980.0,46979.0,46980.0,5630.73638664
2021-12-21,49369.0,46683.0,49072.5,49074.0,49072.0,49073.0,4642.71881023
2021-12-22,49588.0,48459.75038112,48633.5,48634.0,48633.0,48634.0,3139.38550771
2021-12-23,51413.12295813,48078.0,50728.5,50733.0,50728.0,50729.0,4422.49688016
2021-12-24,51842.0,50405.0,50714.0,50709.0,50713.0,50715.0,2593.98826253
2021-12-25,51171.0,50182.0,50655.5,50664.0,50655.0,50656.0,1961.00956404
2021-12-26,51300.0,49433.0,50801.5,50801.0,50801.0,50802.0,2902.35204062
2021-12-27,52085.0,50482.47485727,50839.5,50839.73772854,50839.0,50840.0,3504.97110788
2021-12-28,50714.0,47321.0,47721.5,47728.0,47721.0,47722.0,5425.43442196
2021-12-29,48166.0,46079.0,46371.5,46398.0,46369.0,46374.0,4076.36368166
2021-12-30,47911.0,45947.0,47102.5,47113.0,47102.0,47103.0,3196.75695998
2021-12-31,48650.0,45664.14362225,46394.5,46394.0,46394.0,46395.0,4225.01888886
2022-01-01,47957.0,46203.0,47581.5,47581.0,47581.0,47582.0,2143.25658347
2022-01-02,48012.0,46648.0,47374.5,47375.0,47374.0,47375.0,1840.0132893100001
2022-01-03,47578.0,45689.0,46485.5,46469.26888245,46484.0,46487.0,2571.00561249
2022-01-04,47671.86280513,45568.0,45889.5,45890.0,45889.0,45890.0,3780.93326185
2022-01-05,47058.0,42505.0,43617.5,43619.0,43615.0,43620.0,6907.21152032
2022-01-06,43781.0,42412.0,43145.5,43139.0,43145.0,43146.0,3403.74275822
2022-01-07,43135.77081015,40586.0,41448.5,41444.33190813,41447.0,41450.0,7400.03704697
2022-01-08,42319.82508013,40556.0,41814.0,41813.32727376,41813.0,41815.0,4131.82696414
2022-01-09,42801.0,41240.0,41872.5,41865.72475619,41872.0,41873.0,3693.54763868
2022-01-10,42270.0,39672.88479242,41800.5,41797.0,41800.0,41801.0,9544.547255
2022-01-11,43119.19618143,41265.0,42754.0,42748.87960691,42753.0,42755.0,4775.59970228
2022-01-12,44315.0,42468.0,43961.0,43942.72332998,43960.0,43962.0,3758.24223867
2022-01-13,44445.0,42334.0,42657.5,42659.0,42656.0,42659.0,3719.86241815
2022-01-14,43468.0,41736.0,43057.5,43074.0,43057.0,43058.0,4312.63808538
2022-01-15,43816.0,42575.0,43205.5,43206.3563697,43204.0,43207.0,3180.66766759
2022-01-16,43487.39375881,42603.0,43118.5,43118.0,43116.0,43121.0,1578.5477645
2022-01-17,43194.0,41465.0,42254.5,42254.0,42254.0,42255.0,2914.58139834
2022-01-18,42690.0,41204.0,42401.5,42400.93781324,42400.0,42403.0,4338.50197701
2022-01-19,42596.0,41158.0,41703.5,41703.87030438,41703.0,41704.0,6439.46795813
2022-01-20,43591.0,40603.87689419,40719.5,40719.0,40717.0,40722.0,4974.34885336
2022-01-21,41132.0,35471.0,36494.5,36477.0,36489.0,36500.0,16104.93828358
2022-01-22,36861.57424928,33854.97502491,35056.5,35056.0,35052.0,35061.0,17573.55629027
2022-01-23,36556.0,34654.0,36304.5,36299.0,36304.0,36305.0,8687.55470239
2022-01-24,37596.0,32937.0,36724.0,36727.0,36721.0,36727.0,23082.91887476
2022-01-25,37584.0,35751.0,37019.5,37019.52306965,37019.0,37020.0,8855.32627784
2022-01-26,38935.0,36291.6959393,36878.0,36875.0,36877.0,36879.0,10635.67249614
2022-01-27,37275.0,35504.0,37085.5,37086.0,37085.0,37086.0,6864.02168105
2022-01-28,38055.0,36197.0,37769.5,37771.0081557,37766.0,37773.0,4571.47474383
2022-01-29,38898.0,37347.69182748,38103.5,38120.0,38101.0,38106.0,3518.1324691
2022-01-30,38403.0,37386.0,37929.5,37929.0,37929.0,37930.0,1970.73054502
2022-01-31,38785.0,36674.0,38412.0,38409.97353993,38410.0,38414.0,4760.94869928
2022-02-01,39416.42020804,38000.0,38833.5,38834.0,38833.0,38834.0,4288.65167147
2022-02-02,38879.0,36633.0,36904.5,36903.0,36903.0,36906.0,4177.76029218
2022-02-03,37141.0,36267.47644877,37044.5,37042.0,37044.0,37045.0,4669.61671345
2022-02-04,41521.44940944,37070.0,41418.5,41408.09980261,41418.0,41419.0,8077.09840134
2022-02-05,41956.0,40979.80786121,41517.5,41518.0,41517.0,41518.0,2581.34220807
2022-02-06,42739.0,41169.0,42515.5,42515.0,42515.0,42516.0,2321.06123291
2022-02-07,44540.0,41699.5447648,43912.5,43912.0,43912.0,43913.0,5508.01895355
2022-02-08,45400.0,42709.0,44133.5,44130.0,44130.0,44137.0,7603.36612393
2022-02-09,44865.0,43160.0,44400.5,44400.0,44400.0,44401.0,3696.57413244
2022-02-10,45899.0,43222.0,43484.5,43485.0,43482.0,43487.0,7304.08094578
2022-02-11,43965.0,42010.0,42377.5,42378.0,42377.0,42378.0,5604.45230041
2022-02-12,43036.0,41715.0,42137.0,42148.0,42135.0,42139.0,2654.25492243
2022-02-13,42789.0,41915.0,42266.0,42257.64873482,42261.0,42271.0,1934.12440806
2022-02-14,42863.0,41545.0,42614.0,42611.0,42610.0,42618.0,4765.2626206
